,region,forcing_duration,initial_intensity_factor,day,consumption
0,US.NJ,60,0.9,0,0.0
1,US.NJ,60,0.9,1,0.0
2,US.NJ,60,0.9,2,0.0
3,US.NJ,60,0.9,3,0.0
4,US.NJ,60,0.9,4,0.0
5,US.NJ,60,0.9,5,0.0
6,US.NJ,60,0.9,6,0.0
7,US.NJ,60,0.9,7,-0.0024579174770722467
8,US.NJ,60,0.9,8,0.02695219758932499
9,US.NJ,60,0.9,9,0.04024176727519535
10,US.NJ,60,0.9,10,0.06912810306614059
11,US.NJ,60,0.9,11,0.07848671652681549
12,US.NJ,60,0.9,12,0.08519886959206247
13,US.NJ,60,0.9,13,0.0805927207864654
14,US.NJ,60,0.9,14,0.0629734605861687
15,US.NJ,60,0.9,15,0.047922814456158314
16,US.NJ,60,0.9,16,0.033184308805100926
17,US.NJ,60,0.9,17,0.005532123605411776
18,US.NJ,60,0.9,18,-0.013021921811484649
19,US.NJ,60,0.9,19,-0.043889720328271764
20,US.NJ,60,0.9,20,-0.07150024484305906
21,US.NJ,60,0.9,21,-0.10577943672330781
22,US.NJ,60,0.9,22,-0.1397452924252196
23,US.NJ,60,0.9,23,-0.17399931168619043
24,US.NJ,60,0.9,24,-0.2089412986318373
25,US.NJ,60,0.9,25,-0.24360179276248228
26,US.NJ,60,0.9,26,-0.27804120836439905
27,US.NJ,60,0.9,27,-0.31260535429479264
28,US.NJ,60,0.9,28,-0.3462146398447219
29,US.NJ,60,0.9,29,-0.37968742686665946
30,US.NJ,60,0.9,30,-0.4108888884518769
31,US.NJ,60,0.9,31,-0.44132548000055394
32,US.NJ,60,0.9,32,-0.46980559264803157
33,US.NJ,60,0.9,33,-0.4975782288309083
34,US.NJ,60,0.9,34,-0.52357814623325
35,US.NJ,60,0.9,35,-0.5489574956390464
36,US.NJ,60,0.9,36,-0.5724849583766956
37,US.NJ,60,0.9,37,-0.5933252440072478
38,US.NJ,60,0.9,38,-0.6132663636774893
39,US.NJ,60,0.9,39,-0.6310693839984838
40,US.NJ,60,0.9,40,-0.6466295239424991
41,US.NJ,60,0.9,41,-0.6530924051454501
42,US.NJ,60,0.9,42,-0.6483264102075115
43,US.NJ,60,0.9,43,-0.6311875065144079
44,US.NJ,60,0.9,44,-0.5998000822043381
45,US.NJ,60,0.9,45,-0.5627739282462407
46,US.NJ,60,0.9,46,-0.5184224162174567
47,US.NJ,60,0.9,47,-0.4738982829520455
48,US.NJ,60,0.9,48,-0.4326774266503408
49,US.NJ,60,0.9,49,-0.3903022798919964
50,US.NJ,60,0.9,50,-0.3467311819921548
51,US.NJ,60,0.9,51,-0.3020624320290155
52,US.NJ,60,0.9,52,-0.2641824228252876
53,US.NJ,60,0.9,53,-0.22568895688993562
54,US.NJ,60,0.9,54,-0.19368492927084313
55,US.NJ,60,0.9,55,-0.16570682158316696
56,US.NJ,60,0.9,56,-0.1393388804870943
57,US.NJ,60,0.9,57,-0.1187238897989995
58,US.NJ,60,0.9,58,-0.10053818273355608
59,US.NJ,60,0.9,59,-0.08448415599945358
60,US.NJ,60,0.9,60,-0.06616805476618026
61,US.NJ,60,0.9,61,-0.05038350092135824
62,US.NJ,60,0.9,62,-0.03144343338794542
63,US.NJ,60,0.9,63,-0.012074550285257057
64,US.NJ,60,0.9,64,0.0048350937778440795
65,US.NJ,60,0.9,65,0.019897885696629203
66,US.NJ,60,0.9,66,0.035483512917666715
67,US.NJ,60,0.9,67,0.047814509261745464
68,US.NJ,60,0.9,68,0.06196322044331737
69,US.NJ,60,0.9,69,0.07254623010526373
70,US.NJ,60,0.9,70,0.08358662625935764
71,US.NJ,60,0.9,71,0.0913453939023201
72,US.NJ,60,0.9,72,0.10046404936980835
73,US.NJ,60,0.9,73,0.10687633360799698
74,US.NJ,60,0.9,74,0.11226893797111615
75,US.NJ,60,0.9,75,0.11635722306677643
76,US.NJ,60,0.9,76,0.11965917846796792
77,US.NJ,60,0.9,77,0.12275862014714534
78,US.NJ,60,0.9,78,0.12478375736741931
79,US.NJ,60,0.9,79,0.12630028181532804
80,US.NJ,60,0.9,80,0.127348406750194
81,US.NJ,60,0.9,81,0.12796601696398735
82,US.NJ,60,0.9,82,0.12816972638542978
83,US.NJ,60,0.9,83,0.12794084434470943
84,US.NJ,60,0.9,84,0.12764380743732762
85,US.NJ,60,0.9,85,0.1270930934592407
86,US.NJ,60,0.9,86,0.12645270202502612
87,US.NJ,60,0.9,87,0.12550822535000172
88,US.NJ,60,0.9,88,0.12432819589016653
89,US.NJ,60,0.9,89,0.12309347891497069
90,US.NJ,60,0.9,90,0.12148280887098739
91,US.NJ,60,0.9,91,0.11986099994296673
92,US.NJ,60,0.9,92,0.1180458023674058
93,US.NJ,60,0.9,93,0.11622531854178497
94,US.NJ,60,0.9,94,0.1145921190035537
95,US.NJ,60,0.9,95,0.112813169999737
96,US.NJ,60,0.9,96,0.11104951336213809
97,US.NJ,60,0.9,97,0.10938981964210281
98,US.NJ,60,0.9,98,0.10775101919608954
99,US.NJ,60,0.9,99,0.10604708459769352
100,US.NJ,60,0.9,100,0.10433408785637255
101,US.NJ,60,0.9,101,0.10228805736209878
102,US.NJ,60,0.9,102,0.10165874188035051
103,US.NJ,60,0.9,103,0.10015650289385558
104,US.NJ,60,0.9,104,0.09884406545666025
105,US.NJ,60,1.0,0,0.0
106,US.NJ,60,1.0,1,0.0
107,US.NJ,60,1.0,2,0.0
108,US.NJ,60,1.0,3,0.0
109,US.NJ,60,1.0,4,0.0
110,US.NJ,60,1.0,5,0.0
111,US.NJ,60,1.0,6,0.0
112,US.NJ,60,1.0,7,-0.004484690917605505
113,US.NJ,60,1.0,8,0.021947692083790216
114,US.NJ,60,1.0,9,0.03402822086613355
115,US.NJ,60,1.0,10,0.060094216394057653
116,US.NJ,60,1.0,11,0.06588014293327227
117,US.NJ,60,1.0,12,0.07047452353934336
118,US.NJ,60,1.0,13,0.06225887285664644
119,US.NJ,60,1.0,14,0.042816233979503515
120,US.NJ,60,1.0,15,0.021462615710476918
121,US.NJ,60,1.0,16,0.0007603389650556736
122,US.NJ,60,1.0,17,-0.03289765560317015
123,US.NJ,60,1.0,18,-0.057686581223992395
124,US.NJ,60,1.0,19,-0.09437548501541881
125,US.NJ,60,1.0,20,-0.12906820009873643
126,US.NJ,60,1.0,21,-0.16972651129130156
127,US.NJ,60,1.0,22,-0.20970585401062225
128,US.NJ,60,1.0,23,-0.2505374157553142
129,US.NJ,60,1.0,24,-0.29168860683319586
130,US.NJ,60,1.0,25,-0.3333023447901651
131,US.NJ,60,1.0,26,-0.3749684417952093
132,US.NJ,60,1.0,27,-0.41592246833265234
133,US.NJ,60,1.0,28,-0.4558997972424317
134,US.NJ,60,1.0,29,-0.49443228073764445
135,US.NJ,60,1.0,30,-0.532078688034554
136,US.NJ,60,1.0,31,-0.5678309815944971
137,US.NJ,60,1.0,32,-0.6023118061551092
138,US.NJ,60,1.0,33,-0.6359584101131133
139,US.NJ,60,1.0,34,-0.6667230638224275
140,US.NJ,60,1.0,35,-0.6950019843103838
141,US.NJ,60,1.0,36,-0.72219659422329
142,US.NJ,60,1.0,37,-0.7464763406878072
143,US.NJ,60,1.0,38,-0.7697214295687815
144,US.NJ,60,1.0,39,-0.7911051291178417
145,US.NJ,60,1.0,40,-0.8079294380016089
146,US.NJ,60,1.0,41,-0.8053516359252777
147,US.NJ,60,1.0,42,-0.7984624564149945
148,US.NJ,60,1.0,43,-0.7675366979423393
149,US.NJ,60,1.0,44,-0.7273064471404522
150,US.NJ,60,1.0,45,-0.6757124578899543
151,US.NJ,60,1.0,46,-0.6264674516066382
152,US.NJ,60,1.0,47,-0.5765176119837401
153,US.NJ,60,1.0,48,-0.529057092680485
154,US.NJ,60,1.0,49,-0.47689552379698297
155,US.NJ,60,1.0,50,-0.42199467048451567
156,US.NJ,60,1.0,51,-0.3655657762508313
157,US.NJ,60,1.0,52,-0.31982404339130355
158,US.NJ,60,1.0,53,-0.27323279756298335
159,US.NJ,60,1.0,54,-0.23227398822786016
160,US.NJ,60,1.0,55,-0.1978467813463003
161,US.NJ,60,1.0,56,-0.16774058042553497
162,US.NJ,60,1.0,57,-0.14123356060801173
163,US.NJ,60,1.0,58,-0.11821798308321307
164,US.NJ,60,1.0,59,-0.09843419228341421
165,US.NJ,60,1.0,60,-0.0782957822096475
166,US.NJ,60,1.0,61,-0.05934514217614817
167,US.NJ,60,1.0,62,-0.038385664193330005
168,US.NJ,60,1.0,63,-0.017135505389509476
169,US.NJ,60,1.0,64,0.0009630414817163313
170,US.NJ,60,1.0,65,0.017948392197264518
171,US.NJ,60,1.0,66,0.03165482045826007
172,US.NJ,60,1.0,67,0.04564916055214141
173,US.NJ,60,1.0,68,0.057636928232462914
174,US.NJ,60,1.0,69,0.06968819384489677
175,US.NJ,60,1.0,70,0.07963276295062105
176,US.NJ,60,1.0,71,0.08855570130326118
177,US.NJ,60,1.0,72,0.0958713679155343
178,US.NJ,60,1.0,73,0.10382365006913474
179,US.NJ,60,1.0,74,0.10913979260120943
180,US.NJ,60,1.0,75,0.11373310337097209
181,US.NJ,60,1.0,76,0.117314097256771
182,US.NJ,60,1.0,77,0.12003532033142417
183,US.NJ,60,1.0,78,0.12229078701799789
184,US.NJ,60,1.0,79,0.12389705185362754
185,US.NJ,60,1.0,80,0.12474908208437441
186,US.NJ,60,1.0,81,0.12515127760874822
187,US.NJ,60,1.0,82,0.1250657536347788
188,US.NJ,60,1.0,83,0.12457916690429283
189,US.NJ,60,1.0,84,0.12385501357945472
190,US.NJ,60,1.0,85,0.12305433549202327
191,US.NJ,60,1.0,86,0.12174428945366245
192,US.NJ,60,1.0,87,0.12011373304043893
193,US.NJ,60,1.0,88,0.118592866315681
194,US.NJ,60,1.0,89,0.11679554129979675
195,US.NJ,60,1.0,90,0.11485284440764243
196,US.NJ,60,1.0,91,0.11278617236556432
197,US.NJ,60,1.0,92,0.11059697259920842
198,US.NJ,60,1.0,93,0.10844848954452146
199,US.NJ,60,1.0,94,0.10632366875191757
200,US.NJ,60,1.0,95,0.10413604227426099
201,US.NJ,60,1.0,96,0.10211310765817494
202,US.NJ,60,1.0,97,0.10002680097307426
203,US.NJ,60,1.0,98,0.09804118476506307
204,US.NJ,60,1.0,99,0.09614688223344992
205,US.NJ,60,1.0,100,0.09423269333259654
206,US.NJ,60,1.0,101,0.09228917833030703
207,US.NJ,60,1.0,102,0.09064817528008362
208,US.NJ,60,1.0,103,0.08893687769055969
209,US.NJ,60,1.0,104,0.08727598827111827
210,US.NJ,60,1.1,0,0.0
211,US.NJ,60,1.1,1,0.0
212,US.NJ,60,1.1,2,0.0
213,US.NJ,60,1.1,3,0.0
214,US.NJ,60,1.1,4,0.0
215,US.NJ,60,1.1,5,0.0
216,US.NJ,60,1.1,6,0.0
217,US.NJ,60,1.1,7,-0.004622511008101071
218,US.NJ,60,1.1,8,0.014027693814400166
219,US.NJ,60,1.1,9,0.021555250949378824
220,US.NJ,60,1.1,10,0.04014013282489515
221,US.NJ,60,1.1,11,0.04049387105717894
222,US.NJ,60,1.1,12,0.04143381666072976
223,US.NJ,60,1.1,13,0.02718554776994786
224,US.NJ,60,1.1,14,0.014488163952419697
225,US.NJ,60,1.1,15,-0.0075947680284293995
226,US.NJ,60,1.1,16,-0.03185280310882277
227,US.NJ,60,1.1,17,-0.06990839133197424
228,US.NJ,60,1.1,18,-0.10211656889332899
229,US.NJ,60,1.1,19,-0.14567570979903133
230,US.NJ,60,1.1,20,-0.1809426752594434
231,US.NJ,60,1.1,21,-0.22670662295546373
232,US.NJ,60,1.1,22,-0.27514730112155883
233,US.NJ,60,1.1,23,-0.3239553736659073
234,US.NJ,60,1.1,24,-0.37316161411555804
235,US.NJ,60,1.1,25,-0.42138807329166195
236,US.NJ,60,1.1,26,-0.46923524402691097
237,US.NJ,60,1.1,27,-0.5172199201949335
238,US.NJ,60,1.1,28,-0.5642482885568789
239,US.NJ,60,1.1,29,-0.6102188405255671
240,US.NJ,60,1.1,30,-0.6545754500097423
241,US.NJ,60,1.1,31,-0.6967330424060281
242,US.NJ,60,1.1,32,-0.7377056337501964
243,US.NJ,60,1.1,33,-0.7747315359820983
244,US.NJ,60,1.1,34,-0.8087890200181302
245,US.NJ,60,1.1,35,-0.8410779387558076
246,US.NJ,60,1.1,36,-0.8714308313454322
247,US.NJ,60,1.1,37,-0.9006246506807369
248,US.NJ,60,1.1,38,-0.9284307035157147
249,US.NJ,60,1.1,39,-0.9542669988927943
250,US.NJ,60,1.1,40,-0.9746030769593905
251,US.NJ,60,1.1,41,-0.9738661485302558
252,US.NJ,60,1.1,42,-0.9630686052205739
253,US.NJ,60,1.1,43,-0.9264839790044666
254,US.NJ,60,1.1,44,-0.876195441789307
255,US.NJ,60,1.1,45,-0.8166652808615504
256,US.NJ,60,1.1,46,-0.7632767985148226
257,US.NJ,60,1.1,47,-0.702792028932786
258,US.NJ,60,1.1,48,-0.6480030679129833
259,US.NJ,60,1.1,49,-0.5839589528977118
260,US.NJ,60,1.1,50,-0.5235432821555586
261,US.NJ,60,1.1,51,-0.45733885295453636
262,US.NJ,60,1.1,52,-0.4003455256652577
263,US.NJ,60,1.1,53,-0.34493706648521805
264,US.NJ,60,1.1,54,-0.29634724054995454
265,US.NJ,60,1.1,55,-0.25133003860458025
266,US.NJ,60,1.1,56,-0.21578737003160597
267,US.NJ,60,1.1,57,-0.1804409220258485
268,US.NJ,60,1.1,58,-0.15123936211010047
269,US.NJ,60,1.1,59,-0.1286881564792952
270,US.NJ,60,1.1,60,-0.10690723299816574
271,US.NJ,60,1.1,61,-0.08696422538148063
272,US.NJ,60,1.1,62,-0.06698635368710404
273,US.NJ,60,1.1,63,-0.04552751386952547
274,US.NJ,60,1.1,64,-0.02505474848030209
275,US.NJ,60,1.1,65,-0.003173134522083121
276,US.NJ,60,1.1,66,0.012887374161474341
277,US.NJ,60,1.1,67,0.029397591688318236
278,US.NJ,60,1.1,68,0.04387864437578326
279,US.NJ,60,1.1,69,0.05808449740307697
280,US.NJ,60,1.1,70,0.07080334087856688
281,US.NJ,60,1.1,71,0.08446219288913426
282,US.NJ,60,1.1,72,0.09462066632708321
283,US.NJ,60,1.1,73,0.1041957643134861
284,US.NJ,60,1.1,74,0.11117814544661098
285,US.NJ,60,1.1,75,0.11810716062685689
286,US.NJ,60,1.1,76,0.12282727846619768
287,US.NJ,60,1.1,77,0.127056152640459
288,US.NJ,60,1.1,78,0.13055520965055134
289,US.NJ,60,1.1,79,0.1330216228866199
290,US.NJ,60,1.1,80,0.1347360041220158
291,US.NJ,60,1.1,81,0.13574913911609254
292,US.NJ,60,1.1,82,0.13594724762973076
293,US.NJ,60,1.1,83,0.13548998700070314
294,US.NJ,60,1.1,84,0.13488974589421776
295,US.NJ,60,1.1,85,0.13402236036570425
296,US.NJ,60,1.1,86,0.1328737337484176
297,US.NJ,60,1.1,87,0.13158395166856796
298,US.NJ,60,1.1,88,0.1301173948698997
299,US.NJ,60,1.1,89,0.1286211973120288
300,US.NJ,60,1.1,90,0.12633621572935017
301,US.NJ,60,1.1,91,0.12423845550246781
302,US.NJ,60,1.1,92,0.12184472820453429
303,US.NJ,60,1.1,93,0.11958397526790066
304,US.NJ,60,1.1,94,0.11722410514287684
305,US.NJ,60,1.1,95,0.11501193536143095
306,US.NJ,60,1.1,96,0.11255886361356549
307,US.NJ,60,1.1,97,0.11031535392111991
308,US.NJ,60,1.1,98,0.10793031117681817
309,US.NJ,60,1.1,99,0.10574054502654473
310,US.NJ,60,1.1,100,0.10343404085437768
311,US.NJ,60,1.1,101,0.10118839148929304
312,US.NJ,60,1.1,102,0.09895218185644872
313,US.NJ,60,1.1,103,0.09679098662900287
314,US.NJ,60,1.1,104,0.0946555304047747
315,US.NY,60,0.9,0,0.0
316,US.NY,60,0.9,1,0.0
317,US.NY,60,0.9,2,0.0
318,US.NY,60,0.9,3,0.0
319,US.NY,60,0.9,4,0.0
320,US.NY,60,0.9,5,0.0
321,US.NY,60,0.9,6,0.0
322,US.NY,60,0.9,7,-0.005755428972242793
323,US.NY,60,0.9,8,0.009796959364227753
324,US.NY,60,0.9,9,0.016208256619099082
325,US.NY,60,0.9,10,0.03129693540286915
326,US.NY,60,0.9,11,0.03438568601779046
327,US.NY,60,0.9,12,0.03231805708803215
328,US.NY,60,0.9,13,0.02434778782898217
329,US.NY,60,0.9,14,0.007639410800819313
330,US.NY,60,0.9,15,-0.011551201073756179
331,US.NY,60,0.9,16,-0.02687029114126771
332,US.NY,60,0.9,17,-0.054969168696727966
333,US.NY,60,0.9,18,-0.07294846629266605
334,US.NY,60,0.9,19,-0.1043668541760745
335,US.NY,60,0.9,20,-0.1310161665110665
336,US.NY,60,0.9,21,-0.1633360901843628
337,US.NY,60,0.9,22,-0.1955415299620622
338,US.NY,60,0.9,23,-0.2281283255510691
339,US.NY,60,0.9,24,-0.26158442722458153
340,US.NY,60,0.9,25,-0.2939526581242413
341,US.NY,60,0.9,26,-0.3263696691185425
342,US.NY,60,0.9,27,-0.3592067613462091
343,US.NY,60,0.9,28,-0.39064264535538795
344,US.NY,60,0.9,29,-0.42103418735884857
345,US.NY,60,0.9,30,-0.45072834822361685
346,US.NY,60,0.9,31,-0.4788514167239688
347,US.NY,60,0.9,32,-0.5068007683566744
348,US.NY,60,0.9,33,-0.5327124310870901
349,US.NY,60,0.9,34,-0.5576779839717494
350,US.NY,60,0.9,35,-0.5822054119655862
351,US.NY,60,0.9,36,-0.6040299996238119
352,US.NY,60,0.9,37,-0.6237738175920771
353,US.NY,60,0.9,38,-0.6424343939179122
354,US.NY,60,0.9,39,-0.6589076558674911
355,US.NY,60,0.9,40,-0.672921803740012
356,US.NY,60,0.9,41,-0.6804159942080834
357,US.NY,60,0.9,42,-0.6775223390838914
358,US.NY,60,0.9,43,-0.6638039329790124
359,US.NY,60,0.9,44,-0.6382204408240555
360,US.NY,60,0.9,45,-0.6059611189520142
361,US.NY,60,0.9,46,-0.5688597007164287
362,US.NY,60,0.9,47,-0.5290301561369892
363,US.NY,60,0.9,48,-0.49265921981861416
364,US.NY,60,0.9,49,-0.455320247499702
365,US.NY,60,0.9,50,-0.4165617993146298
366,US.NY,60,0.9,51,-0.3781292071392883
367,US.NY,60,0.9,52,-0.343954843460037
368,US.NY,60,0.9,53,-0.309432349187011
369,US.NY,60,0.9,54,-0.2806645123643037
370,US.NY,60,0.9,55,-0.254473334714056
371,US.NY,60,0.9,56,-0.22916831219119693
372,US.NY,60,0.9,57,-0.20834336804380627
373,US.NY,60,0.9,58,-0.18916166600284612
374,US.NY,60,0.9,59,-0.17187596659951065
375,US.NY,60,0.9,60,-0.15306051347319105
376,US.NY,60,0.9,61,-0.13592847136796316
377,US.NY,60,0.9,62,-0.11697173018181406
378,US.NY,60,0.9,63,-0.09801444146400051
379,US.NY,60,0.9,64,-0.08037038257968643
380,US.NY,60,0.9,65,-0.06378935644143491
381,US.NY,60,0.9,66,-0.04690681456516188
382,US.NY,60,0.9,67,-0.03189113170873892
383,US.NY,60,0.9,68,-0.01639115708621519
384,US.NY,60,0.9,69,-0.0026907697509903628
385,US.NY,60,0.9,70,0.010747026370716561
386,US.NY,60,0.9,71,0.02230420051729798
387,US.NY,60,0.9,72,0.034027450975848694
388,US.NY,60,0.9,73,0.04389058700928761
389,US.NY,60,0.9,74,0.05261575312065503
390,US.NY,60,0.9,75,0.06038468005029607
391,US.NY,60,0.9,76,0.06715946367366055
392,US.NY,60,0.9,77,0.07339535169026412
393,US.NY,60,0.9,78,0.07860481691961407
394,US.NY,60,0.9,79,0.08308942487529336
395,US.NY,60,0.9,80,0.08687182345843425
396,US.NY,60,0.9,81,0.09010183724540433
397,US.NY,60,0.9,82,0.09270482771381872
398,US.NY,60,0.9,83,0.09479555252513983
399,US.NY,60,0.9,84,0.09642533032991896
400,US.NY,60,0.9,85,0.09765857076335926
401,US.NY,60,0.9,86,0.09855460634868862
402,US.NY,60,0.9,87,0.09910099318424237
403,US.NY,60,0.9,88,0.09938770067925429
404,US.NY,60,0.9,89,0.09933006052662563
405,US.NY,60,0.9,90,0.09901657375515072
406,US.NY,60,0.9,91,0.09850303882006362
407,US.NY,60,0.9,92,0.09774132270961022
408,US.NY,60,0.9,93,0.09682634750589614
409,US.NY,60,0.9,94,0.09600228744797157
410,US.NY,60,0.9,95,0.09500393810288887
411,US.NY,60,0.9,96,0.09389839698865643
412,US.NY,60,0.9,97,0.09280261189332784
413,US.NY,60,0.9,98,0.09169219276961016
414,US.NY,60,0.9,99,0.09049494009989445
415,US.NY,60,0.9,100,0.08927041039765715
416,US.NY,60,0.9,101,0.08802811080377282
417,US.NY,60,0.9,102,0.08714534041764921
418,US.NY,60,0.9,103,0.08598589232127196
419,US.NY,60,0.9,104,0.08489973880585477
420,US.NY,60,1.0,0,0.0
421,US.NY,60,1.0,1,0.0
422,US.NY,60,1.0,2,0.0
423,US.NY,60,1.0,3,0.0
424,US.NY,60,1.0,4,0.0
425,US.NY,60,1.0,5,0.0
426,US.NY,60,1.0,6,0.0
427,US.NY,60,1.0,7,-0.005348438723451476
428,US.NY,60,1.0,8,0.008854856454809656
429,US.NY,60,1.0,9,0.014152474283735117
430,US.NY,60,1.0,10,0.02807336755699108
431,US.NY,60,1.0,11,0.02896651615713619
432,US.NY,60,1.0,12,0.024926777686973267
433,US.NY,60,1.0,13,0.0146903494905537
434,US.NY,60,1.0,14,-0.005341445250706123
435,US.NY,60,1.0,15,-0.030053665184681666
436,US.NY,60,1.0,16,-0.05101218217284931
437,US.NY,60,1.0,17,-0.08578350470413998
438,US.NY,60,1.0,18,-0.1111133652547669
439,US.NY,60,1.0,19,-0.14991618839329535
440,US.NY,60,1.0,20,-0.18321278413488962
441,US.NY,60,1.0,21,-0.2225443237685698
442,US.NY,60,1.0,22,-0.2621532877465915
443,US.NY,60,1.0,23,-0.30224733990042996
444,US.NY,60,1.0,24,-0.34232705667951446
445,US.NY,60,1.0,25,-0.38221282280680446
446,US.NY,60,1.0,26,-0.42180073170317023
447,US.NY,60,1.0,27,-0.46137236397610915
448,US.NY,60,1.0,28,-0.4996517966094016
449,US.NY,60,1.0,29,-0.5369839496701889
450,US.NY,60,1.0,30,-0.5726481221479895
451,US.NY,60,1.0,31,-0.6072901276528708
452,US.NY,60,1.0,32,-0.640561586713051
453,US.NY,60,1.0,33,-0.6723635703100528
454,US.NY,60,1.0,34,-0.7015268992163759
455,US.NY,60,1.0,35,-0.7284725008506965
456,US.NY,60,1.0,36,-0.7538724454556611
457,US.NY,60,1.0,37,-0.777311380480572
458,US.NY,60,1.0,38,-0.798621562130597
459,US.NY,60,1.0,39,-0.818616746913059
460,US.NY,60,1.0,40,-0.8304976616060777
461,US.NY,60,1.0,41,-0.8300914926548053
462,US.NY,60,1.0,42,-0.8232295519440047
463,US.NY,60,1.0,43,-0.7988977918603868
464,US.NY,60,1.0,44,-0.7636015108922534
465,US.NY,60,1.0,45,-0.7194495521717914
466,US.NY,60,1.0,46,-0.6738002934239762
467,US.NY,60,1.0,47,-0.6289342040731283
468,US.NY,60,1.0,48,-0.5859605584040195
469,US.NY,60,1.0,49,-0.5409967346492683
470,US.NY,60,1.0,50,-0.495168408156077
471,US.NY,60,1.0,51,-0.44603480715849075
472,US.NY,60,1.0,52,-0.4048833469021407
473,US.NY,60,1.0,53,-0.36335618036588135
474,US.NY,60,1.0,54,-0.32646655733712393
475,US.NY,60,1.0,55,-0.29439222650765595
476,US.NY,60,1.0,56,-0.2655691387614345
477,US.NY,60,1.0,57,-0.23899501248048072
478,US.NY,60,1.0,58,-0.2152190717099045
479,US.NY,60,1.0,59,-0.193586667669432
480,US.NY,60,1.0,60,-0.17271135060800136
481,US.NY,60,1.0,61,-0.15263085043552005
482,US.NY,60,1.0,62,-0.13171879897628802
483,US.NY,60,1.0,63,-0.11052280256820257
484,US.NY,60,1.0,64,-0.09119891650649636
485,US.NY,60,1.0,65,-0.07253946013181523
486,US.NY,60,1.0,66,-0.05540059876845138
487,US.NY,60,1.0,67,-0.03859077905367103
488,US.NY,60,1.0,68,-0.023021765664543725
489,US.NY,60,1.0,69,-0.00804533087406245
490,US.NY,60,1.0,70,0.005487038900509056
491,US.NY,60,1.0,71,0.017979521586153346
492,US.NY,60,1.0,72,0.029104519026912357
493,US.NY,60,1.0,73,0.03988748338572545
494,US.NY,60,1.0,74,0.04883907873229898
495,US.NY,60,1.0,75,0.056838367170097825
496,US.NY,60,1.0,76,0.06387753392882445
497,US.NY,60,1.0,77,0.06982484786517418
498,US.NY,60,1.0,78,0.07521853261518441
499,US.NY,60,1.0,79,0.07970709773161833
500,US.NY,60,1.0,80,0.08350813727948658
501,US.NY,60,1.0,81,0.08661241788372465
502,US.NY,60,1.0,82,0.08912327370402817
503,US.NY,60,1.0,83,0.09104381571578557
504,US.NY,60,1.0,84,0.09261468408994222
505,US.NY,60,1.0,85,0.09353543326406921
506,US.NY,60,1.0,86,0.09408878868455428
507,US.NY,60,1.0,87,0.09431056390054593
508,US.NY,60,1.0,88,0.09418463161541268
509,US.NY,60,1.0,89,0.0938135793547179
510,US.NY,60,1.0,90,0.09315482408687181
511,US.NY,60,1.0,91,0.09229938050885345
512,US.NY,60,1.0,92,0.09129251953501338
513,US.NY,60,1.0,93,0.09015238437406481
514,US.NY,60,1.0,94,0.08890386282935925
515,US.NY,60,1.0,95,0.08761362932616645
516,US.NY,60,1.0,96,0.0862600563633853
517,US.NY,60,1.0,97,0.08490120718627203
518,US.NY,60,1.0,98,0.08352857016604709
519,US.NY,60,1.0,99,0.08212447496238617
520,US.NY,60,1.0,100,0.08076159396110949
521,US.NY,60,1.0,101,0.07934557749960103
522,US.NY,60,1.0,102,0.07806420405442882
523,US.NY,60,1.0,103,0.0766921643415186
524,US.NY,60,1.0,104,0.07531967664815564
525,US.NY,60,1.1,0,0.0
526,US.NY,60,1.1,1,0.0
527,US.NY,60,1.1,2,0.0
528,US.NY,60,1.1,3,0.0
529,US.NY,60,1.1,4,0.0
530,US.NY,60,1.1,5,0.0
531,US.NY,60,1.1,6,0.0
532,US.NY,60,1.1,7,-0.0037694071497673676
533,US.NY,60,1.1,8,0.007191629442271363
534,US.NY,60,1.1,9,0.010461040621989603
535,US.NY,60,1.1,10,0.020972503933647246
536,US.NY,60,1.1,11,0.01978139855136618
537,US.NY,60,1.1,12,0.015188080670469617
538,US.NY,60,1.1,13,0.0003243627415328021
539,US.NY,60,1.1,14,-0.01586346099099467
540,US.NY,60,1.1,15,-0.04182801030361283
541,US.NY,60,1.1,16,-0.06811667347972339
542,US.NY,60,1.1,17,-0.1087726175706405
543,US.NY,60,1.1,18,-0.14038453301316034
544,US.NY,60,1.1,19,-0.18591841190449543
545,US.NY,60,1.1,20,-0.2236099697339844
546,US.NY,60,1.1,21,-0.2720737155034181
547,US.NY,60,1.1,22,-0.31973037469682497
548,US.NY,60,1.1,23,-0.36877487735830217
549,US.NY,60,1.1,24,-0.41860936867487153
550,US.NY,60,1.1,25,-0.46669429718895206
551,US.NY,60,1.1,26,-0.514418277890516
552,US.NY,60,1.1,27,-0.5616488827777322
553,US.NY,60,1.1,28,-0.6077044846914625
554,US.NY,60,1.1,29,-0.6523613671670314
555,US.NY,60,1.1,30,-0.6953633351563959
556,US.NY,60,1.1,31,-0.736694236475155
557,US.NY,60,1.1,32,-0.7761449886870442
558,US.NY,60,1.1,33,-0.8117782754008429
559,US.NY,60,1.1,34,-0.8451163591106869
560,US.NY,60,1.1,35,-0.8762402993922169
561,US.NY,60,1.1,36,-0.9050252839114536
562,US.NY,60,1.1,37,-0.9328320284307523
563,US.NY,60,1.1,38,-0.9587676581158333
564,US.NY,60,1.1,39,-0.9829336405410838
565,US.NY,60,1.1,40,-0.9985389154597346
566,US.NY,60,1.1,41,-0.9994142692804631
567,US.NY,60,1.1,42,-0.9911215038651333
568,US.NY,60,1.1,43,-0.9618252243131176
569,US.NY,60,1.1,44,-0.9196059528524758
570,US.NY,60,1.1,45,-0.8673660304507558
571,US.NY,60,1.1,46,-0.815100423835935
572,US.NY,60,1.1,47,-0.760729806810656
573,US.NY,60,1.1,48,-0.7100652823633369
574,US.NY,60,1.1,49,-0.6541476145917269
575,US.NY,60,1.1,50,-0.6018080165374307
576,US.NY,60,1.1,51,-0.5434910400803128
577,US.NY,60,1.1,52,-0.4921313992843901
578,US.NY,60,1.1,53,-0.4414104541867747
579,US.NY,60,1.1,54,-0.39737449751789944
580,US.NY,60,1.1,55,-0.35666509442532357
581,US.NY,60,1.1,56,-0.3218319008148063
582,US.NY,60,1.1,57,-0.2883712197854882
583,US.NY,60,1.1,58,-0.25947195047310023
584,US.NY,60,1.1,59,-0.2346522650040872
585,US.NY,60,1.1,60,-0.2111419268712611
586,US.NY,60,1.1,61,-0.18934369539682638
587,US.NY,60,1.1,62,-0.1680755990223437
588,US.NY,60,1.1,63,-0.14584566371035335
589,US.NY,60,1.1,64,-0.12458918994004975
590,US.NY,60,1.1,65,-0.10250945252150423
591,US.NY,60,1.1,66,-0.08371644819383794
592,US.NY,60,1.1,67,-0.06451486079797064
593,US.NY,60,1.1,68,-0.04651037674501257
594,US.NY,60,1.1,69,-0.029186773217115825
595,US.NY,60,1.1,70,-0.01304820244748539
596,US.NY,60,1.1,71,0.0032378036694202805
597,US.NY,60,1.1,72,0.017078384001134594
598,US.NY,60,1.1,73,0.029887464433664412
599,US.NY,60,1.1,74,0.04104979357950622
600,US.NY,60,1.1,75,0.05144346291772184
601,US.NY,60,1.1,76,0.060285576817209474
602,US.NY,60,1.1,77,0.06812632994743772
603,US.NY,60,1.1,78,0.07510272966602116
604,US.NY,60,1.1,79,0.08102821699880192
605,US.NY,60,1.1,80,0.08595114894773825
606,US.NY,60,1.1,81,0.0901165459372022
607,US.NY,60,1.1,82,0.09331582328697685
608,US.NY,60,1.1,83,0.09579469827991627
609,US.NY,60,1.1,84,0.09774744510924194
610,US.NY,60,1.1,85,0.09929345056782779
611,US.NY,60,1.1,86,0.10031113773614209
612,US.NY,60,1.1,87,0.10098798643705109
613,US.NY,60,1.1,88,0.1012936833260536
614,US.NY,60,1.1,89,0.10118116556692147
615,US.NY,60,1.1,90,0.10072101497009545
616,US.NY,60,1.1,91,0.099996580789119
617,US.NY,60,1.1,92,0.09902025715005092
618,US.NY,60,1.1,93,0.09796986740810976
619,US.NY,60,1.1,94,0.09674476528640508
620,US.NY,60,1.1,95,0.09548111195722964
621,US.NY,60,1.1,96,0.09401218402573797
622,US.NY,60,1.1,97,0.09251127526688219
623,US.NY,60,1.1,98,0.09091059130426071
624,US.NY,60,1.1,99,0.08938676087848485
625,US.NY,60,1.1,100,0.08777009894607168
626,US.NY,60,1.1,101,0.08611503513304974
627,US.NY,60,1.1,102,0.08445096193518964
628,US.NY,60,1.1,103,0.08280219473641992
629,US.NY,60,1.1,104,0.08114937082568385
630,MEX,60,0.9,0,0.0
631,MEX,60,0.9,1,0.0
632,MEX,60,0.9,2,0.0
633,MEX,60,0.9,3,0.0
634,MEX,60,0.9,4,0.0
635,MEX,60,0.9,5,0.0
636,MEX,60,0.9,6,0.0
637,MEX,60,0.9,7,0.0
638,MEX,60,0.9,8,0.0014331415885582288
639,MEX,60,0.9,9,0.003991535658887102
640,MEX,60,0.9,10,0.007348174585719569
641,MEX,60,0.9,11,0.011171660334707845
642,MEX,60,0.9,12,0.013316982308553271
643,MEX,60,0.9,13,0.016217828279807556
644,MEX,60,0.9,14,0.017985606218506867
645,MEX,60,0.9,15,0.018851544331255354
646,MEX,60,0.9,16,0.018738950580243774
647,MEX,60,0.9,17,0.01743795718840424
648,MEX,60,0.9,18,0.01570324743653817
649,MEX,60,0.9,19,0.013120815098544014
650,MEX,60,0.9,20,0.009874216635252786
651,MEX,60,0.9,21,0.006003868719406391
652,MEX,60,0.9,22,0.0014729355082954143
653,MEX,60,0.9,23,-0.003452947685644858
654,MEX,60,0.9,24,-0.009062987377728149
655,MEX,60,0.9,25,-0.01516528221632285
656,MEX,60,0.9,26,-0.021517799229464618
657,MEX,60,0.9,27,-0.02788382998373251
658,MEX,60,0.9,28,-0.03444973332865642
659,MEX,60,0.9,29,-0.04103603183588378
660,MEX,60,0.9,30,-0.04798408758849293
661,MEX,60,0.9,31,-0.05507936216155862
662,MEX,60,0.9,32,-0.062467268391730446
663,MEX,60,0.9,33,-0.06948388925487325
664,MEX,60,0.9,34,-0.07658862967427904
665,MEX,60,0.9,35,-0.08326155313044259
666,MEX,60,0.9,36,-0.0898014876732689
667,MEX,60,0.9,37,-0.09607186355943265
668,MEX,60,0.9,38,-0.10178070302252484
669,MEX,60,0.9,39,-0.10712252297697678
670,MEX,60,0.9,40,-0.11191818850866397
671,MEX,60,0.9,41,-0.1164640055176136
672,MEX,60,0.9,42,-0.12065314071852962
673,MEX,60,0.9,43,-0.12436101236422692
674,MEX,60,0.9,44,-0.1277339985585546
675,MEX,60,0.9,45,-0.130455678477992
676,MEX,60,0.9,46,-0.13271745527174694
677,MEX,60,0.9,47,-0.13441750881652004
678,MEX,60,0.9,48,-0.1357538123061719
679,MEX,60,0.9,49,-0.13726529622810624
680,MEX,60,0.9,50,-0.13876740771668894
681,MEX,60,0.9,51,-0.14029402453769046
682,MEX,60,0.9,52,-0.14174606668123646
683,MEX,60,0.9,53,-0.14331244628433826
684,MEX,60,0.9,54,-0.14490345577046204
685,MEX,60,0.9,55,-0.14643869772118512
686,MEX,60,0.9,56,-0.1479252403835729
687,MEX,60,0.9,57,-0.1493626789681457
688,MEX,60,0.9,58,-0.15072980873365172
689,MEX,60,0.9,59,-0.1502817067782214
690,MEX,60,0.9,60,-0.14547118858635466
691,MEX,60,0.9,61,-0.14066621289662296
692,MEX,60,0.9,62,-0.1362416770436914
693,MEX,60,0.9,63,-0.13214006978362614
694,MEX,60,0.9,64,-0.1283856784852655
695,MEX,60,0.9,65,-0.12489013449116237
696,MEX,60,0.9,66,-0.12157637211167582
697,MEX,60,0.9,67,-0.11702463894875947
698,MEX,60,0.9,68,-0.11235318151243678
699,MEX,60,0.9,69,-0.1078766457800251
700,MEX,60,0.9,70,-0.10369302194357388
701,MEX,60,0.9,71,-0.09972035570202653
702,MEX,60,0.9,72,-0.09590842202207295
703,MEX,60,0.9,73,-0.09225292390768747
704,MEX,60,0.9,74,-0.08873443146377724
705,MEX,60,0.9,75,-0.08535120098182025
706,MEX,60,0.9,76,-0.08215800359234748
707,MEX,60,0.9,77,-0.07910894239576693
708,MEX,60,0.9,78,-0.0763170159325477
709,MEX,60,0.9,79,-0.07379564453089404
710,MEX,60,0.9,80,-0.07150104865151219
711,MEX,60,0.9,81,-0.069419496589751
712,MEX,60,0.9,82,-0.06752732372978798
713,MEX,60,0.9,83,-0.06576085357247186
714,MEX,60,0.9,84,-0.06416987522399609
715,MEX,60,0.9,85,-0.06272898036000507
716,MEX,60,0.9,86,-0.06142509116648931
717,MEX,60,0.9,87,-0.06021564247266076
718,MEX,60,0.9,88,-0.059096492970722725
719,MEX,60,0.9,89,-0.058079163592095195
720,MEX,60,0.9,90,-0.05711255744917931
721,MEX,60,0.9,91,-0.056211714028109316
722,MEX,60,0.9,92,-0.05544286311547353
723,MEX,60,0.9,93,-0.05473367194481771
724,MEX,60,0.9,94,-0.05409338839889033
725,MEX,60,0.9,95,-0.053525873546556024
726,MEX,60,0.9,96,-0.052991053229234364
727,MEX,60,0.9,97,-0.05249571545514753
728,MEX,60,0.9,98,-0.052077256544769135
729,MEX,60,0.9,99,-0.05169912089424411
730,MEX,60,0.9,100,-0.05134399596881112
731,MEX,60,0.9,101,-0.05105491400408946
732,MEX,60,0.9,102,-0.05062032578979636
733,MEX,60,0.9,103,-0.050067196532876945
734,MEX,60,0.9,104,-0.04938145201445199
735,MEX,60,1.0,0,0.0
736,MEX,60,1.0,1,0.0
737,MEX,60,1.0,2,0.0
738,MEX,60,1.0,3,0.0
739,MEX,60,1.0,4,0.0
740,MEX,60,1.0,5,0.0
741,MEX,60,1.0,6,0.0
742,MEX,60,1.0,7,0.0
743,MEX,60,1.0,8,0.0008884194977687443
744,MEX,60,1.0,9,0.0028168677227657923
745,MEX,60,1.0,10,0.0054667753534687336
746,MEX,60,1.0,11,0.008820051413849228
747,MEX,60,1.0,12,0.010184409928282179
748,MEX,60,1.0,13,0.012340598942794934
749,MEX,60,1.0,14,0.012907989244514972
750,MEX,60,1.0,15,0.01273884951678017
751,MEX,60,1.0,16,0.011209430307057566
752,MEX,60,1.0,17,0.007762149674150898
753,MEX,60,1.0,18,0.0032119733938573702
754,MEX,60,1.0,19,-0.002739584069555434
755,MEX,60,1.0,20,-0.009264852778112509
756,MEX,60,1.0,21,-0.016852569323622113
757,MEX,60,1.0,22,-0.024870857326264595
758,MEX,60,1.0,23,-0.033950441072705395
759,MEX,60,1.0,24,-0.043810708039693225
760,MEX,60,1.0,25,-0.05447887253537953
761,MEX,60,1.0,26,-0.06583144263042628
762,MEX,60,1.0,27,-0.07754016519343487
763,MEX,60,1.0,28,-0.08866013702519826
764,MEX,60,1.0,29,-0.09939032772442458
765,MEX,60,1.0,30,-0.10946507084101942
766,MEX,60,1.0,31,-0.11894081893872865
767,MEX,60,1.0,32,-0.1277070333515984
768,MEX,60,1.0,33,-0.13570103398536926
769,MEX,60,1.0,34,-0.1430491774334408
770,MEX,60,1.0,35,-0.14972888889781544
771,MEX,60,1.0,36,-0.15587483872506747
772,MEX,60,1.0,37,-0.16154245193639172
773,MEX,60,1.0,38,-0.16646198304924864
774,MEX,60,1.0,39,-0.17110712916930115
775,MEX,60,1.0,40,-0.17390830351527997
776,MEX,60,1.0,41,-0.17599206635037223
777,MEX,60,1.0,42,-0.17739581399507376
778,MEX,60,1.0,43,-0.1783574069759375
779,MEX,60,1.0,44,-0.1788030179191824
780,MEX,60,1.0,45,-0.17933329213924987
781,MEX,60,1.0,46,-0.17931084189188873
782,MEX,60,1.0,47,-0.1781827870213748
783,MEX,60,1.0,48,-0.17657623984671522
784,MEX,60,1.0,49,-0.17428693736826206
785,MEX,60,1.0,50,-0.17091239429131155
786,MEX,60,1.0,51,-0.1675846199682418
787,MEX,60,1.0,52,-0.16384455198998893
788,MEX,60,1.0,53,-0.16009856785776932
789,MEX,60,1.0,54,-0.15604855568770448
790,MEX,60,1.0,55,-0.15197702739983
791,MEX,60,1.0,56,-0.14766947570689082
792,MEX,60,1.0,57,-0.14328962238513432
793,MEX,60,1.0,58,-0.13538688621049788
794,MEX,60,1.0,59,-0.12792649152558733
795,MEX,60,1.0,60,-0.12101685963601394
796,MEX,60,1.0,61,-0.11122864519664821
797,MEX,60,1.0,62,-0.10224353308753154
798,MEX,60,1.0,63,-0.0936428464347272
799,MEX,60,1.0,64,-0.08563962905584477
800,MEX,60,1.0,65,-0.07816301165404216
801,MEX,60,1.0,66,-0.0712581749629404
802,MEX,60,1.0,67,-0.06493866386132474
803,MEX,60,1.0,68,-0.05909699117316869
804,MEX,60,1.0,69,-0.053786059769866945
805,MEX,60,1.0,70,-0.048904267491700626
806,MEX,60,1.0,71,-0.044454790379211406
807,MEX,60,1.0,72,-0.040304826344983447
808,MEX,60,1.0,73,-0.03656933560163278
809,MEX,60,1.0,74,-0.03315076388421545
810,MEX,60,1.0,75,-0.03001557594114468
811,MEX,60,1.0,76,-0.027151534675018407
812,MEX,60,1.0,77,-0.0245841729607843
813,MEX,60,1.0,78,-0.02222736405196324
814,MEX,60,1.0,79,-0.020098295932657884
815,MEX,60,1.0,80,-0.01818644407638459
816,MEX,60,1.0,81,-0.016453976235475398
817,MEX,60,1.0,82,-0.014865800275698504
818,MEX,60,1.0,83,-0.013450780800849937
819,MEX,60,1.0,84,-0.012081377986716824
820,MEX,60,1.0,85,-0.010919040560930515
821,MEX,60,1.0,86,-0.009881938773026455
822,MEX,60,1.0,87,-0.008858163900360427
823,MEX,60,1.0,88,-0.008029995759939457
824,MEX,60,1.0,89,-0.007268742434485276
825,MEX,60,1.0,90,-0.006581596721710881
826,MEX,60,1.0,91,-0.00599848190554475
827,MEX,60,1.0,92,-0.005478919037904539
828,MEX,60,1.0,93,-0.005008709349274554
829,MEX,60,1.0,94,-0.00459295941466209
830,MEX,60,1.0,95,-0.0042087519219080605
831,MEX,60,1.0,96,-0.0038869131468999285
832,MEX,60,1.0,97,-0.0035637665904753035
833,MEX,60,1.0,98,-0.003331355153080029
834,MEX,60,1.0,99,-0.0031147305054601837
835,MEX,60,1.0,100,-0.0029246351376688295
836,MEX,60,1.0,101,-0.0027709396855035706
837,MEX,60,1.0,102,-0.002659560302942232
838,MEX,60,1.0,103,-0.0025602000541913306
839,MEX,60,1.0,104,-0.0024726409756925527
840,MEX,60,1.1,0,0.0
841,MEX,60,1.1,1,0.0
842,MEX,60,1.1,2,0.0
843,MEX,60,1.1,3,0.0
844,MEX,60,1.1,4,0.0
845,MEX,60,1.1,5,0.0
846,MEX,60,1.1,6,0.0
847,MEX,60,1.1,7,0.0
848,MEX,60,1.1,8,0.0005971578973751335
849,MEX,60,1.1,9,0.0019681798694382024
850,MEX,60,1.1,10,0.004493941680094871
851,MEX,60,1.1,11,0.006654925893090358
852,MEX,60,1.1,12,0.007699531855220876
853,MEX,60,1.1,13,0.008827306486858255
854,MEX,60,1.1,14,0.00841249068179728
855,MEX,60,1.1,15,0.006619117592832069
856,MEX,60,1.1,16,0.0028830663717283045
857,MEX,60,1.1,17,-0.0034681117223489544
858,MEX,60,1.1,18,-0.011802820548501014
859,MEX,60,1.1,19,-0.022585789568529968
860,MEX,60,1.1,20,-0.035195511240870836
861,MEX,60,1.1,21,-0.04956563122829882
862,MEX,60,1.1,22,-0.06499804336440596
863,MEX,60,1.1,23,-0.08108864319658071
864,MEX,60,1.1,24,-0.09710127434718885
865,MEX,60,1.1,25,-0.11255470439864856
866,MEX,60,1.1,26,-0.1271566130704227
867,MEX,60,1.1,27,-0.14060667770526836
868,MEX,60,1.1,28,-0.1526677850802738
869,MEX,60,1.1,29,-0.1638056299245072
870,MEX,60,1.1,30,-0.17367424178232893
871,MEX,60,1.1,31,-0.18312081389975088
872,MEX,60,1.1,32,-0.19154320635501598
873,MEX,60,1.1,33,-0.19947446461925367
874,MEX,60,1.1,34,-0.20675419864503164
875,MEX,60,1.1,35,-0.21320900284624855
876,MEX,60,1.1,36,-0.21849760855279232
877,MEX,60,1.1,37,-0.2216949783876765
878,MEX,60,1.1,38,-0.22336006434882094
879,MEX,60,1.1,39,-0.22424104194767036
880,MEX,60,1.1,40,-0.22465831762724653
881,MEX,60,1.1,41,-0.22407542077466092
882,MEX,60,1.1,42,-0.2233152261293836
883,MEX,60,1.1,43,-0.22191524614063596
884,MEX,60,1.1,44,-0.21921744880055716
885,MEX,60,1.1,45,-0.21584558356172456
886,MEX,60,1.1,46,-0.20851291552689277
887,MEX,60,1.1,47,-0.2014937102385872
888,MEX,60,1.1,48,-0.19420454150412825
889,MEX,60,1.1,49,-0.1868383693553355
890,MEX,60,1.1,50,-0.1789935803517717
891,MEX,60,1.1,51,-0.17154100121760107
892,MEX,60,1.1,52,-0.16407397421273062
893,MEX,60,1.1,53,-0.15707329582761442
894,MEX,60,1.1,54,-0.15015569269902773
895,MEX,60,1.1,55,-0.14356839778693065
896,MEX,60,1.1,56,-0.13714940188593872
897,MEX,60,1.1,57,-0.1313201219834359
898,MEX,60,1.1,58,-0.12598132238125226
899,MEX,60,1.1,59,-0.12074035728285581
900,MEX,60,1.1,60,-0.11260106836304962
901,MEX,60,1.1,61,-0.10515888920478167
902,MEX,60,1.1,62,-0.09824558307224285
903,MEX,60,1.1,63,-0.09028985061324546
904,MEX,60,1.1,64,-0.08262908513525513
905,MEX,60,1.1,65,-0.0756289360901996
906,MEX,60,1.1,66,-0.06902999569611268
907,MEX,60,1.1,67,-0.0630142012558288
908,MEX,60,1.1,68,-0.05748997693370006
909,MEX,60,1.1,69,-0.05247226880289446
910,MEX,60,1.1,70,-0.047854461541618765
911,MEX,60,1.1,71,-0.04359978158244848
912,MEX,60,1.1,72,-0.03973519413230653
913,MEX,60,1.1,73,-0.03623146093563179
914,MEX,60,1.1,74,-0.033005226496996
915,MEX,60,1.1,75,-0.030072682395609895
916,MEX,60,1.1,76,-0.02743133761931027
917,MEX,60,1.1,77,-0.025042923993334743
918,MEX,60,1.1,78,-0.022879946970577603
919,MEX,60,1.1,79,-0.02093066765613827
920,MEX,60,1.1,80,-0.019167435814682054
921,MEX,60,1.1,81,-0.01755995451043768
922,MEX,60,1.1,82,-0.01611292552892163
923,MEX,60,1.1,83,-0.014784344177076747
924,MEX,60,1.1,84,-0.013611762463661137
925,MEX,60,1.1,85,-0.01249248841111994
926,MEX,60,1.1,86,-0.011465942287380848
927,MEX,60,1.1,87,-0.010592282036836487
928,MEX,60,1.1,88,-0.009745680406203494
929,MEX,60,1.1,89,-0.009020889271704746
930,MEX,60,1.1,90,-0.008348409393199585
931,MEX,60,1.1,91,-0.0077794933465269445
932,MEX,60,1.1,92,-0.007262328078105895
933,MEX,60,1.1,93,-0.006798096818738664
934,MEX,60,1.1,94,-0.006353420005067445
935,MEX,60,1.1,95,-0.005979612488216102
936,MEX,60,1.1,96,-0.005665277887412223
937,MEX,60,1.1,97,-0.005395906056648858
938,MEX,60,1.1,98,-0.005164926951273241
939,MEX,60,1.1,99,-0.004988999215316259
940,MEX,60,1.1,100,-0.00483904028143467
941,MEX,60,1.1,101,-0.004734947109530374
942,MEX,60,1.1,102,-0.004628954540819574
943,MEX,60,1.1,103,-0.0045666480984030144
944,MEX,60,1.1,104,-0.004514897320151423
945,CAN,60,0.9,0,0.0
946,CAN,60,0.9,1,0.0
947,CAN,60,0.9,2,0.0
948,CAN,60,0.9,3,0.0
949,CAN,60,0.9,4,0.0
950,CAN,60,0.9,5,0.0
951,CAN,60,0.9,6,0.0
952,CAN,60,0.9,7,-6.594069645871059e-06
953,CAN,60,0.9,8,0.0021456702978595033
954,CAN,60,0.9,9,0.0060158496636431025
955,CAN,60,0.9,10,0.01354325990983174
956,CAN,60,0.9,11,0.02110737714369204
957,CAN,60,0.9,12,0.027122687292546743
958,CAN,60,0.9,13,0.03291058196683849
959,CAN,60,0.9,14,0.03793210587437201
960,CAN,60,0.9,15,0.040846704638730635
961,CAN,60,0.9,16,0.04250471351341378
962,CAN,60,0.9,17,0.0422103582409461
963,CAN,60,0.9,18,0.041885910032468665
964,CAN,60,0.9,19,0.0409356846148512
965,CAN,60,0.9,20,0.03976495750477316
966,CAN,60,0.9,21,0.03881643055962947
967,CAN,60,0.9,22,0.03718329931132747
968,CAN,60,0.9,23,0.03555440425320189
969,CAN,60,0.9,24,0.033389731045541104
970,CAN,60,0.9,25,0.030928104901639664
971,CAN,60,0.9,26,0.028253909930864296
972,CAN,60,0.9,27,0.025089455873117394
973,CAN,60,0.9,28,0.022153636193755766
974,CAN,60,0.9,29,0.018921862679577295
975,CAN,60,0.9,30,0.015140623325837765
976,CAN,60,0.9,31,0.011468565779781947
977,CAN,60,0.9,32,0.007543675617971424
978,CAN,60,0.9,33,0.003260267887861268
979,CAN,60,0.9,34,-0.0007837351501449596
980,CAN,60,0.9,35,-0.004870819443136831
981,CAN,60,0.9,36,-0.009078215534097378
982,CAN,60,0.9,37,-0.013154129872772202
983,CAN,60,0.9,38,-0.01733692808574272
984,CAN,60,0.9,39,-0.02143018682577713
985,CAN,60,0.9,40,-0.025019219040411933
986,CAN,60,0.9,41,-0.028711518382074086
987,CAN,60,0.9,42,-0.031654231861533155
988,CAN,60,0.9,43,-0.034754064036768284
989,CAN,60,0.9,44,-0.037709645943051484
990,CAN,60,0.9,45,-0.04050327350249017
991,CAN,60,0.9,46,-0.042917442326995126
992,CAN,60,0.9,47,-0.04497447234322882
993,CAN,60,0.9,48,-0.04622594683340031
994,CAN,60,0.9,49,-0.04790595592226721
995,CAN,60,0.9,50,-0.04955745065542416
996,CAN,60,0.9,51,-0.05112809809836305
997,CAN,60,0.9,52,-0.05309506910887718
998,CAN,60,0.9,53,-0.055064158214512826
999,CAN,60,0.9,54,-0.05692100826198976
1000,CAN,60,0.9,55,-0.058761952614205804
1001,CAN,60,0.9,56,-0.06056710915208763
1002,CAN,60,0.9,57,-0.06242493831900564
1003,CAN,60,0.9,58,-0.06416243570593894
1004,CAN,60,0.9,59,-0.06579129079999912
1005,CAN,60,0.9,60,-0.06727345781752936
1006,CAN,60,0.9,61,-0.06847008163748391
1007,CAN,60,0.9,62,-0.06904058855380368
1008,CAN,60,0.9,63,-0.06654569233123242
1009,CAN,60,0.9,64,-0.06332233125134756
1010,CAN,60,0.9,65,-0.06023624671221972
1011,CAN,60,0.9,66,-0.057240321088947166
1012,CAN,60,0.9,67,-0.05414198756590327
1013,CAN,60,0.9,68,-0.051352776034929715
1014,CAN,60,0.9,69,-0.048780449449126184
1015,CAN,60,0.9,70,-0.04646373298115014
1016,CAN,60,0.9,71,-0.04441425617195405
1017,CAN,60,0.9,72,-0.04257570966325064
1018,CAN,60,0.9,73,-0.04104098990885818
1019,CAN,60,0.9,74,-0.03960274339155356
1020,CAN,60,0.9,75,-0.03845903198496092
1021,CAN,60,0.9,76,-0.03746037012850589
1022,CAN,60,0.9,77,-0.03657446686294863
1023,CAN,60,0.9,78,-0.035763496206975276
1024,CAN,60,0.9,79,-0.03512359170316781
1025,CAN,60,0.9,80,-0.03455258523612503
1026,CAN,60,0.9,81,-0.03413236316158752
1027,CAN,60,0.9,82,-0.033820383739346926
1028,CAN,60,0.9,83,-0.03355927856351082
1029,CAN,60,0.9,84,-0.03342615828482165
1030,CAN,60,0.9,85,-0.033312100862026295
1031,CAN,60,0.9,86,-0.033293317754556906
1032,CAN,60,0.9,87,-0.03333781773362521
1033,CAN,60,0.9,88,-0.033417526048196144
1034,CAN,60,0.9,89,-0.033510382538004535
1035,CAN,60,0.9,90,-0.033644641792340835
1036,CAN,60,0.9,91,-0.03377870122638349
1037,CAN,60,0.9,92,-0.034001540816264164
1038,CAN,60,0.9,93,-0.034262286315589474
1039,CAN,60,0.9,94,-0.034528426962798786
1040,CAN,60,0.9,95,-0.03484560171264084
1041,CAN,60,0.9,96,-0.03518018080992391
1042,CAN,60,0.9,97,-0.03548392763613739
1043,CAN,60,0.9,98,-0.03577562529870626
1044,CAN,60,0.9,99,-0.036050298272394254
1045,CAN,60,0.9,100,-0.03635370540411298
1046,CAN,60,0.9,101,-0.03666626430519626
1047,CAN,60,0.9,102,-0.03694737149229077
1048,CAN,60,0.9,103,-0.03726916209086939
1049,CAN,60,0.9,104,-0.037514001894944915
1050,CAN,60,1.0,0,0.0
1051,CAN,60,1.0,1,0.0
1052,CAN,60,1.0,2,0.0
1053,CAN,60,1.0,3,0.0
1054,CAN,60,1.0,4,0.0
1055,CAN,60,1.0,5,0.0
1056,CAN,60,1.0,6,0.0
1057,CAN,60,1.0,7,-6.474177471904596e-06
1058,CAN,60,1.0,8,0.0016590679222439064
1059,CAN,60,1.0,9,0.005067042970097191
1060,CAN,60,1.0,10,0.0118086199530687
1061,CAN,60,1.0,11,0.019022851855243772
1062,CAN,60,1.0,12,0.02521440350184978
1063,CAN,60,1.0,13,0.030813128305506865
1064,CAN,60,1.0,14,0.03598247926521747
1065,CAN,60,1.0,15,0.03879403070485843
1066,CAN,60,1.0,16,0.04009236305355657
1067,CAN,60,1.0,17,0.038901274255698226
1068,CAN,60,1.0,18,0.03749138223785309
1069,CAN,60,1.0,19,0.03512277243997719
1070,CAN,60,1.0,20,0.032620323010368324
1071,CAN,60,1.0,21,0.029480906435241927
1072,CAN,60,1.0,22,0.026286519297746835
1073,CAN,60,1.0,23,0.022835462994863498
1074,CAN,60,1.0,24,0.018699023089685518
1075,CAN,60,1.0,25,0.014795753483487495
1076,CAN,60,1.0,26,0.010038491912411907
1077,CAN,60,1.0,27,0.005363396445501323
1078,CAN,60,1.0,28,4.2341919925803495e-05
1079,CAN,60,1.0,29,-0.0053215940403639195
1080,CAN,60,1.0,30,-0.011512246495648526
1081,CAN,60,1.0,31,-0.017567960307607322
1082,CAN,60,1.0,32,-0.024369743144603273
1083,CAN,60,1.0,33,-0.031838526117056176
1084,CAN,60,1.0,34,-0.03866972250107237
1085,CAN,60,1.0,35,-0.045901638499112885
1086,CAN,60,1.0,36,-0.05262527161984387
1087,CAN,60,1.0,37,-0.058705763148036993
1088,CAN,60,1.0,38,-0.06459063061012849
1089,CAN,60,1.0,39,-0.07047885505313545
1090,CAN,60,1.0,40,-0.07655984613207378
1091,CAN,60,1.0,41,-0.08242744912091426
1092,CAN,60,1.0,42,-0.0882687357772971
1093,CAN,60,1.0,43,-0.09406925909404285
1094,CAN,60,1.0,44,-0.09967589678124833
1095,CAN,60,1.0,45,-0.10459785023717583
1096,CAN,60,1.0,46,-0.10770963166589764
1097,CAN,60,1.0,47,-0.11082397079433814
1098,CAN,60,1.0,48,-0.11342746934573933
1099,CAN,60,1.0,49,-0.11641781998285028
1100,CAN,60,1.0,50,-0.11904681560352959
1101,CAN,60,1.0,51,-0.1216049749306114
1102,CAN,60,1.0,52,-0.12380751408362922
1103,CAN,60,1.0,53,-0.1261682509619999
1104,CAN,60,1.0,54,-0.12827519608722415
1105,CAN,60,1.0,55,-0.13044698289726986
1106,CAN,60,1.0,56,-0.13246956389513231
1107,CAN,60,1.0,57,-0.13450221583569677
1108,CAN,60,1.0,58,-0.13606680872376709
1109,CAN,60,1.0,59,-0.13757029656650266
1110,CAN,60,1.0,60,-0.1354486446677683
1111,CAN,60,1.0,61,-0.13125141942968988
1112,CAN,60,1.0,62,-0.1252273571520246
1113,CAN,60,1.0,63,-0.11919955823490591
1114,CAN,60,1.0,64,-0.11281789756228955
1115,CAN,60,1.0,65,-0.10685703844304228
1116,CAN,60,1.0,66,-0.10080550087521178
1117,CAN,60,1.0,67,-0.09526838066764576
1118,CAN,60,1.0,68,-0.09020473464252943
1119,CAN,60,1.0,69,-0.08583134783481938
1120,CAN,60,1.0,70,-0.08181008434607895
1121,CAN,60,1.0,71,-0.07819961141408704
1122,CAN,60,1.0,72,-0.07490953033861825
1123,CAN,60,1.0,73,-0.07197978519611903
1124,CAN,60,1.0,74,-0.06942558231083362
1125,CAN,60,1.0,75,-0.06707189908877753
1126,CAN,60,1.0,76,-0.06497622382802826
1127,CAN,60,1.0,77,-0.06314551027477577
1128,CAN,60,1.0,78,-0.06149591383437514
1129,CAN,60,1.0,79,-0.05996700885049222
1130,CAN,60,1.0,80,-0.05870002830563603
1131,CAN,60,1.0,81,-0.05756490917162571
1132,CAN,60,1.0,82,-0.05654053044357177
1133,CAN,60,1.0,83,-0.05572760154872736
1134,CAN,60,1.0,84,-0.054989185640863525
1135,CAN,60,1.0,85,-0.054360071432835166
1136,CAN,60,1.0,86,-0.05376928275686588
1137,CAN,60,1.0,87,-0.053219117546299266
1138,CAN,60,1.0,88,-0.05276009037100682
1139,CAN,60,1.0,89,-0.05240001420442342
1140,CAN,60,1.0,90,-0.052063057245654853
1141,CAN,60,1.0,91,-0.05182227379353366
1142,CAN,60,1.0,92,-0.05162780868515071
1143,CAN,60,1.0,93,-0.051508515970677404
1144,CAN,60,1.0,94,-0.0514245514838918
1145,CAN,60,1.0,95,-0.05137189883690496
1146,CAN,60,1.0,96,-0.051349818694601534
1147,CAN,60,1.0,97,-0.051341566116536175
1148,CAN,60,1.0,98,-0.05132226347631663
1149,CAN,60,1.0,99,-0.051328477887391255
1150,CAN,60,1.0,100,-0.05138632586200176
1151,CAN,60,1.0,101,-0.051451527223334015
1152,CAN,60,1.0,102,-0.05153625102723991
1153,CAN,60,1.0,103,-0.05165232663499886
1154,CAN,60,1.0,104,-0.05177681467704032
1155,CAN,60,1.1,0,0.0
1156,CAN,60,1.1,1,0.0
1157,CAN,60,1.1,2,0.0
1158,CAN,60,1.1,3,0.0
1159,CAN,60,1.1,4,0.0
1160,CAN,60,1.1,5,0.0
1161,CAN,60,1.1,6,0.0
1162,CAN,60,1.1,7,-3.9964065390307724e-08
1163,CAN,60,1.1,8,0.000624578287400368
1164,CAN,60,1.1,9,0.0036906807973080547
1165,CAN,60,1.1,10,0.008740359384007412
1166,CAN,60,1.1,11,0.014943140931023002
1167,CAN,60,1.1,12,0.018997174947688045
1168,CAN,60,1.1,13,0.024579434559268698
1169,CAN,60,1.1,14,0.028102286293130163
1170,CAN,60,1.1,15,0.03087964848078606
1171,CAN,60,1.1,16,0.031928605104791785
1172,CAN,60,1.1,17,0.03083275065820512
1173,CAN,60,1.1,18,0.028673212832064365
1174,CAN,60,1.1,19,0.02567139251015149
1175,CAN,60,1.1,20,0.022127819411998928
1176,CAN,60,1.1,21,0.01769392701980177
1177,CAN,60,1.1,22,0.013400907933647233
1178,CAN,60,1.1,23,0.008821946009329729
1179,CAN,60,1.1,24,0.0038320336720243375
1180,CAN,60,1.1,25,-0.0008629239319657422
1181,CAN,60,1.1,26,-0.006132884408804884
1182,CAN,60,1.1,27,-0.011076558330502806
1183,CAN,60,1.1,28,-0.01650387728746594
1184,CAN,60,1.1,29,-0.02221182386283882
1185,CAN,60,1.1,30,-0.028478208208870814
1186,CAN,60,1.1,31,-0.034273236467596835
1187,CAN,60,1.1,32,-0.04035294869665362
1188,CAN,60,1.1,33,-0.046784424568124816
1189,CAN,60,1.1,34,-0.0531164298981146
1190,CAN,60,1.1,35,-0.05862449623519339
1191,CAN,60,1.1,36,-0.06386945919347742
1192,CAN,60,1.1,37,-0.06783353411459192
1193,CAN,60,1.1,38,-0.07251232625692383
1194,CAN,60,1.1,39,-0.07756188495146032
1195,CAN,60,1.1,40,-0.0821218639480259
1196,CAN,60,1.1,41,-0.08722577376204521
1197,CAN,60,1.1,42,-0.09262258016039526
1198,CAN,60,1.1,43,-0.09792477165039282
1199,CAN,60,1.1,44,-0.10303841271265268
1200,CAN,60,1.1,45,-0.10676735909589397
1201,CAN,60,1.1,46,-0.10820074998010298
1202,CAN,60,1.1,47,-0.11049099025938203
1203,CAN,60,1.1,48,-0.11255974972675942
1204,CAN,60,1.1,49,-0.11471481157835361
1205,CAN,60,1.1,50,-0.11658946561386996
1206,CAN,60,1.1,51,-0.11862343636837025
1207,CAN,60,1.1,52,-0.12055136249379261
1208,CAN,60,1.1,53,-0.12244026371615035
1209,CAN,60,1.1,54,-0.12456413362011975
1210,CAN,60,1.1,55,-0.12678203895362117
1211,CAN,60,1.1,56,-0.128973927685061
1212,CAN,60,1.1,57,-0.13074521468340317
1213,CAN,60,1.1,58,-0.13260865880052597
1214,CAN,60,1.1,59,-0.13426774670479702
1215,CAN,60,1.1,60,-0.13569620202780186
1216,CAN,60,1.1,61,-0.1352876494583266
1217,CAN,60,1.1,62,-0.13218513969117662
1218,CAN,60,1.1,63,-0.12675402414865644
1219,CAN,60,1.1,64,-0.12108102614238891
1220,CAN,60,1.1,65,-0.11542826993172772
1221,CAN,60,1.1,66,-0.10956104660142518
1222,CAN,60,1.1,67,-0.1039493734428465
1223,CAN,60,1.1,68,-0.09852802911261005
1224,CAN,60,1.1,69,-0.09359082936838403
1225,CAN,60,1.1,70,-0.08933243913886724
1226,CAN,60,1.1,71,-0.08517905447289476
1227,CAN,60,1.1,72,-0.08162269287602664
1228,CAN,60,1.1,73,-0.07848125811595885
1229,CAN,60,1.1,74,-0.07577535166479743
1230,CAN,60,1.1,75,-0.073271123834584
1231,CAN,60,1.1,76,-0.07113420566553508
1232,CAN,60,1.1,77,-0.06929761739569162
1233,CAN,60,1.1,78,-0.0675831193243881
1234,CAN,60,1.1,79,-0.06611168265653333
1235,CAN,60,1.1,80,-0.06482088353285675
1236,CAN,60,1.1,81,-0.06371651674180745
1237,CAN,60,1.1,82,-0.06282080229992326
1238,CAN,60,1.1,83,-0.06190922212681027
1239,CAN,60,1.1,84,-0.06129881109813162
1240,CAN,60,1.1,85,-0.060765290917919046
1241,CAN,60,1.1,86,-0.060334538313977504
1242,CAN,60,1.1,87,-0.0600119484342132
1243,CAN,60,1.1,88,-0.05976341195474966
1244,CAN,60,1.1,89,-0.059599859045578185
1245,CAN,60,1.1,90,-0.05948140557634485
1246,CAN,60,1.1,91,-0.05939452371327425
1247,CAN,60,1.1,92,-0.05930926039459106
1248,CAN,60,1.1,93,-0.05920515402234594
1249,CAN,60,1.1,94,-0.059123567397034726
1250,CAN,60,1.1,95,-0.05911407593314211
1251,CAN,60,1.1,96,-0.05914866482573666
1252,CAN,60,1.1,97,-0.05920031837127748
1253,CAN,60,1.1,98,-0.059311498381853234
1254,CAN,60,1.1,99,-0.05943195005402302
1255,CAN,60,1.1,100,-0.05957817854387315
1256,CAN,60,1.1,101,-0.05973589670050794
1257,CAN,60,1.1,102,-0.059947346533739676
1258,CAN,60,1.1,103,-0.06015713785854082
1259,CAN,60,1.1,104,-0.06037548149184779
1260,EUR,60,0.9,0,0.0
1261,EUR,60,0.9,1,0.0
1262,EUR,60,0.9,2,0.0
1263,EUR,60,0.9,3,0.0
1264,EUR,60,0.9,4,0.0
1265,EUR,60,0.9,5,0.0
1266,EUR,60,0.9,6,0.0
1267,EUR,60,0.9,7,-3.1474411965604077e-08
1268,EUR,60,0.9,8,0.001705564806919746
1269,EUR,60,0.9,9,0.0042738844872269866
1270,EUR,60,0.9,10,0.006628984714951436
1271,EUR,60,0.9,11,0.008756855443592393
1272,EUR,60,0.9,12,0.010297496312117183
1273,EUR,60,0.9,13,0.011342332611397055
1274,EUR,60,0.9,14,0.012126035571080607
1275,EUR,60,0.9,15,0.012558830339770566
1276,EUR,60,0.9,16,0.0127907416572981
1277,EUR,60,0.9,17,0.012931461774812192
1278,EUR,60,0.9,18,0.013047031872015502
1279,EUR,60,0.9,19,0.013238868397702497
1280,EUR,60,0.9,20,0.013472308191175841
1281,EUR,60,0.9,21,0.013848466727206521
1282,EUR,60,0.9,22,0.01429647543855772
1283,EUR,60,0.9,23,0.014865666527774657
1284,EUR,60,0.9,24,0.015576374430525952
1285,EUR,60,0.9,25,0.0163483216983229
1286,EUR,60,0.9,26,0.01721198146100722
1287,EUR,60,0.9,27,0.017817334679515184
1288,EUR,60,0.9,28,0.01818944088531893
1289,EUR,60,0.9,29,0.018314528057139512
1290,EUR,60,0.9,30,0.01819960318529823
1291,EUR,60,0.9,31,0.01794275626691988
1292,EUR,60,0.9,32,0.017393083245864638
1293,EUR,60,0.9,33,0.016762635087252953
1294,EUR,60,0.9,34,0.01605199800189805
1295,EUR,60,0.9,35,0.015305503695595135
1296,EUR,60,0.9,36,0.014550660802203907
1297,EUR,60,0.9,37,0.013813313746124933
1298,EUR,60,0.9,38,0.013083138921143878
1299,EUR,60,0.9,39,0.012372818547068398
1300,EUR,60,0.9,40,0.011682464751472388
1301,EUR,60,0.9,41,0.011011662465620908
1302,EUR,60,0.9,42,0.010384601740298649
1303,EUR,60,0.9,43,0.00979362052397903
1304,EUR,60,0.9,44,0.009240845306424106
1305,EUR,60,0.9,45,0.008740653991323732
1306,EUR,60,0.9,46,0.008299485062601697
1307,EUR,60,0.9,47,0.008050089710609498
1308,EUR,60,0.9,48,0.007913024558914294
1309,EUR,60,0.9,49,0.007832605475588394
1310,EUR,60,0.9,50,0.007766524952979026
1311,EUR,60,0.9,51,0.007716335072749381
1312,EUR,60,0.9,52,0.007643564270942704
1313,EUR,60,0.9,53,0.007559930863565434
1314,EUR,60,0.9,54,0.007524842798467546
1315,EUR,60,0.9,55,0.007503530688990345
1316,EUR,60,0.9,56,0.00754904661934841
1317,EUR,60,0.9,57,0.007635884515067026
1318,EUR,60,0.9,58,0.007737238014948744
1319,EUR,60,0.9,59,0.007899535807309732
1320,EUR,60,0.9,60,0.008107900332210427
1321,EUR,60,0.9,61,0.00829715989059121
1322,EUR,60,0.9,62,0.00848738335275101
1323,EUR,60,0.9,63,0.008689163824660007
1324,EUR,60,0.9,64,0.008883093398504016
1325,EUR,60,0.9,65,0.009070275645828296
1326,EUR,60,0.9,66,0.009312591222787603
1327,EUR,60,0.9,67,0.009469929828531676
1328,EUR,60,0.9,68,0.009592788218681925
1329,EUR,60,0.9,69,0.009689107780230799
1330,EUR,60,0.9,70,0.009733783737275736
1331,EUR,60,0.9,71,0.009777462349025434
1332,EUR,60,0.9,72,0.009810126884590709
1333,EUR,60,0.9,73,0.00984219143922438
1334,EUR,60,0.9,74,0.009887217549109373
1335,EUR,60,0.9,75,0.009949745397785925
1336,EUR,60,0.9,76,0.01004369257573412
1337,EUR,60,0.9,77,0.010142148462821687
1338,EUR,60,0.9,78,0.010259180152916159
1339,EUR,60,0.9,79,0.010405758444886892
1340,EUR,60,0.9,80,0.010552334769764471
1341,EUR,60,0.9,81,0.01069727639244622
1342,EUR,60,0.9,82,0.010778958386437054
1343,EUR,60,0.9,83,0.010852146224182846
1344,EUR,60,0.9,84,0.010933682649039156
1345,EUR,60,0.9,85,0.01101495547568554
1346,EUR,60,0.9,86,0.011060634679571635
1347,EUR,60,0.9,87,0.011072415944446412
1348,EUR,60,0.9,88,0.011058844572531257
1349,EUR,60,0.9,89,0.011000052342868827
1350,EUR,60,0.9,90,0.010911807934466111
1351,EUR,60,0.9,91,0.010810481974687924
1352,EUR,60,0.9,92,0.010694801717048286
1353,EUR,60,0.9,93,0.01057034009910307
1354,EUR,60,0.9,94,0.010445732912089944
1355,EUR,60,0.9,95,0.01032049033540261
1356,EUR,60,0.9,96,0.010187367353453602
1357,EUR,60,0.9,97,0.010067135109292913
1358,EUR,60,0.9,98,0.009950965031157999
1359,EUR,60,0.9,99,0.009830872454696937
1360,EUR,60,0.9,100,0.009717021647137614
1361,EUR,60,0.9,101,0.009598644426001002
1362,EUR,60,0.9,102,0.009475022781391118
1363,EUR,60,0.9,103,0.009356405567917392
1364,EUR,60,0.9,104,0.00923805785404408
1365,EUR,60,1.0,0,0.0
1366,EUR,60,1.0,1,0.0
1367,EUR,60,1.0,2,0.0
1368,EUR,60,1.0,3,0.0
1369,EUR,60,1.0,4,0.0
1370,EUR,60,1.0,5,0.0
1371,EUR,60,1.0,6,0.0
1372,EUR,60,1.0,7,1.1802891997092502e-08
1373,EUR,60,1.0,8,0.0015387897797980443
1374,EUR,60,1.0,9,0.003633832699390105
1375,EUR,60,1.0,10,0.0059708744847064565
1376,EUR,60,1.0,11,0.007972580043058564
1377,EUR,60,1.0,12,0.009705635779511113
1378,EUR,60,1.0,13,0.010792915319912666
1379,EUR,60,1.0,14,0.01135165100374369
1380,EUR,60,1.0,15,0.011534035370797113
1381,EUR,60,1.0,16,0.011564026548671613
1382,EUR,60,1.0,17,0.011528755538603441
1383,EUR,60,1.0,18,0.011488098470135988
1384,EUR,60,1.0,19,0.011516844441761265
1385,EUR,60,1.0,20,0.011600609648221294
1386,EUR,60,1.0,21,0.011829688268871763
1387,EUR,60,1.0,22,0.012149824323226532
1388,EUR,60,1.0,23,0.012592252228338374
1389,EUR,60,1.0,24,0.013180626970132892
1390,EUR,60,1.0,25,0.01384553567280733
1391,EUR,60,1.0,26,0.014575602304556234
1392,EUR,60,1.0,27,0.0151507636957815
1393,EUR,60,1.0,28,0.015441205611965714
1394,EUR,60,1.0,29,0.015523841673981131
1395,EUR,60,1.0,30,0.01531106876462296
1396,EUR,60,1.0,31,0.014921285743607626
1397,EUR,60,1.0,32,0.01434341755310875
1398,EUR,60,1.0,33,0.013665500083592796
1399,EUR,60,1.0,34,0.012890586352698463
1400,EUR,60,1.0,35,0.012074679170615
1401,EUR,60,1.0,36,0.011271377489552314
1402,EUR,60,1.0,37,0.01069703836720226
1403,EUR,60,1.0,38,0.01019164590598809
1404,EUR,60,1.0,39,0.0096503372092549
1405,EUR,60,1.0,40,0.009068566191983152
1406,EUR,60,1.0,41,0.008490017367379643
1407,EUR,60,1.0,42,0.007908230612918565
1408,EUR,60,1.0,43,0.00733750317909454
1409,EUR,60,1.0,44,0.006803956858592031
1410,EUR,60,1.0,45,0.006393762683032378
1411,EUR,60,1.0,46,0.006275310710179838
1412,EUR,60,1.0,47,0.006240393787182441
1413,EUR,60,1.0,48,0.006147973118109107
1414,EUR,60,1.0,49,0.006068720555107987
1415,EUR,60,1.0,50,0.005971189228803908
1416,EUR,60,1.0,51,0.0058316828432047885
1417,EUR,60,1.0,52,0.005719930985281785
1418,EUR,60,1.0,53,0.005619523684785577
1419,EUR,60,1.0,54,0.005619826625946622
1420,EUR,60,1.0,55,0.0056481260543694845
1421,EUR,60,1.0,56,0.005714580335647312
1422,EUR,60,1.0,57,0.005808899305037585
1423,EUR,60,1.0,58,0.005968720454796461
1424,EUR,60,1.0,59,0.006175674532737929
1425,EUR,60,1.0,60,0.00643461843363724
1426,EUR,60,1.0,61,0.0067256957394734584
1427,EUR,60,1.0,62,0.007030926693762929
1428,EUR,60,1.0,63,0.007356283565784771
1429,EUR,60,1.0,64,0.007674198707130486
1430,EUR,60,1.0,65,0.008014590511074005
1431,EUR,60,1.0,66,0.008297283821101509
1432,EUR,60,1.0,67,0.008605565825958728
1433,EUR,60,1.0,68,0.008871404589694265
1434,EUR,60,1.0,69,0.009095899749467229
1435,EUR,60,1.0,70,0.009286054361345997
1436,EUR,60,1.0,71,0.009440755018119695
1437,EUR,60,1.0,72,0.009588761461443163
1438,EUR,60,1.0,73,0.009739156025556639
1439,EUR,60,1.0,74,0.009905519918196326
1440,EUR,60,1.0,75,0.010094049663655902
1441,EUR,60,1.0,76,0.01029619602557208
1442,EUR,60,1.0,77,0.010505148728534586
1443,EUR,60,1.0,78,0.010733906703608298
1444,EUR,60,1.0,79,0.010951648635404432
1445,EUR,60,1.0,80,0.011173045532930637
1446,EUR,60,1.0,81,0.01137604957250904
1447,EUR,60,1.0,82,0.011523534720914164
1448,EUR,60,1.0,83,0.011628771376082092
1449,EUR,60,1.0,84,0.011729953733885523
1450,EUR,60,1.0,85,0.01177594178041197
1451,EUR,60,1.0,86,0.011759116741383302
1452,EUR,60,1.0,87,0.011718471475918868
1453,EUR,60,1.0,88,0.011638794008339559
1454,EUR,60,1.0,89,0.011532510829059817
1455,EUR,60,1.0,90,0.01140066846216925
1456,EUR,60,1.0,91,0.011246015016985744
1457,EUR,60,1.0,92,0.01108349493659233
1458,EUR,60,1.0,93,0.010913580337112982
1459,EUR,60,1.0,94,0.0107365839955742
1460,EUR,60,1.0,95,0.010556662501048919
1461,EUR,60,1.0,96,0.01037627675899433
1462,EUR,60,1.0,97,0.010194236643323862
1463,EUR,60,1.0,98,0.010020004148292294
1464,EUR,60,1.0,99,0.009841365235963018
1465,EUR,60,1.0,100,0.009672089960477415
1466,EUR,60,1.0,101,0.009501014742152591
1467,EUR,60,1.0,102,0.009334833794505393
1468,EUR,60,1.0,103,0.009177632889345588
1469,EUR,60,1.0,104,0.009029099249646677
1470,EUR,60,1.1,0,0.0
1471,EUR,60,1.1,1,0.0
1472,EUR,60,1.1,2,0.0
1473,EUR,60,1.1,3,0.0
1474,EUR,60,1.1,4,0.0
1475,EUR,60,1.1,5,0.0
1476,EUR,60,1.1,6,0.0
1477,EUR,60,1.1,7,4.917877216570332e-08
1478,EUR,60,1.1,8,0.0010125317522646782
1479,EUR,60,1.1,9,0.003162462107586528
1480,EUR,60,1.1,10,0.005146563635327617
1481,EUR,60,1.1,11,0.007220318051204266
1482,EUR,60,1.1,12,0.008612324955370454
1483,EUR,60,1.1,13,0.009508426965587624
1484,EUR,60,1.1,14,0.010184564163884247
1485,EUR,60,1.1,15,0.010400661557730118
1486,EUR,60,1.1,16,0.010302675819651164
1487,EUR,60,1.1,17,0.010123403484829652
1488,EUR,60,1.1,18,0.009916315640667861
1489,EUR,60,1.1,19,0.00972925732380947
1490,EUR,60,1.1,20,0.009567221162454231
1491,EUR,60,1.1,21,0.009529495148430378
1492,EUR,60,1.1,22,0.009565655310583843
1493,EUR,60,1.1,23,0.009726810188470658
1494,EUR,60,1.1,24,0.010000120190101214
1495,EUR,60,1.1,25,0.010374305674121231
1496,EUR,60,1.1,26,0.010773627408355857
1497,EUR,60,1.1,27,0.011133810714403225
1498,EUR,60,1.1,28,0.011295433774138885
1499,EUR,60,1.1,29,0.01125255185838725
1500,EUR,60,1.1,30,0.010924543267387676
1501,EUR,60,1.1,31,0.010383940777702882
1502,EUR,60,1.1,32,0.00966498461250076
1503,EUR,60,1.1,33,0.008891493131524264
1504,EUR,60,1.1,34,0.008195627379969928
1505,EUR,60,1.1,35,0.007476484335500189
1506,EUR,60,1.1,36,0.006995671420861882
1507,EUR,60,1.1,37,0.0064831814803101295
1508,EUR,60,1.1,38,0.005971983957619997
1509,EUR,60,1.1,39,0.005475697436474469
1510,EUR,60,1.1,40,0.004967379822296003
1511,EUR,60,1.1,41,0.004443744006477068
1512,EUR,60,1.1,42,0.003996736574762849
1513,EUR,60,1.1,43,0.0035889934688171365
1514,EUR,60,1.1,44,0.003283410394550046
1515,EUR,60,1.1,45,0.0033993503161022787
1516,EUR,60,1.1,46,0.003590982258061537
1517,EUR,60,1.1,47,0.0038020260420879026
1518,EUR,60,1.1,48,0.003912796291882792
1519,EUR,60,1.1,49,0.003905285710903428
1520,EUR,60,1.1,50,0.003862818863931139
1521,EUR,60,1.1,51,0.003778573672708063
1522,EUR,60,1.1,52,0.0036832770294870087
1523,EUR,60,1.1,53,0.00361057507793916
1524,EUR,60,1.1,54,0.0035859247139002903
1525,EUR,60,1.1,55,0.0036291980925806655
1526,EUR,60,1.1,56,0.0037585795541250633
1527,EUR,60,1.1,57,0.003910553740205103
1528,EUR,60,1.1,58,0.00411977987704315
1529,EUR,60,1.1,59,0.004327274921411828
1530,EUR,60,1.1,60,0.004620122662757353
1531,EUR,60,1.1,61,0.004896578138202656
1532,EUR,60,1.1,62,0.005329874530302092
1533,EUR,60,1.1,63,0.005751769317563493
1534,EUR,60,1.1,64,0.006252529139194607
1535,EUR,60,1.1,65,0.006689053625397179
1536,EUR,60,1.1,66,0.00716328051983961
1537,EUR,60,1.1,67,0.0075160161937981584
1538,EUR,60,1.1,68,0.007875902460097173
1539,EUR,60,1.1,69,0.00821132130737201
1540,EUR,60,1.1,70,0.00844386408023201
1541,EUR,60,1.1,71,0.008667224194081058
1542,EUR,60,1.1,72,0.008865823783477111
1543,EUR,60,1.1,73,0.009062174919693966
1544,EUR,60,1.1,74,0.00928782282971774
1545,EUR,60,1.1,75,0.00951429300863893
1546,EUR,60,1.1,76,0.00974451651092334
1547,EUR,60,1.1,77,0.009979825097494732
1548,EUR,60,1.1,78,0.01020538251856884
1549,EUR,60,1.1,79,0.010464070689897298
1550,EUR,60,1.1,80,0.010719280938986664
1551,EUR,60,1.1,81,0.010973529251434577
1552,EUR,60,1.1,82,0.011217143147757014
1553,EUR,60,1.1,83,0.01140866296214238
1554,EUR,60,1.1,84,0.011580123742005455
1555,EUR,60,1.1,85,0.011728981961489637
1556,EUR,60,1.1,86,0.011816144437037934
1557,EUR,60,1.1,87,0.011845927096998388
1558,EUR,60,1.1,88,0.011811960307750446
1559,EUR,60,1.1,89,0.011718933756266203
1560,EUR,60,1.1,90,0.011579081152168769
1561,EUR,60,1.1,91,0.011414151312316712
1562,EUR,60,1.1,92,0.011226786119977739
1563,EUR,60,1.1,93,0.011029742546675436
1564,EUR,60,1.1,94,0.01081993019895755
1565,EUR,60,1.1,95,0.010598192984345722
1566,EUR,60,1.1,96,0.010377889822454911
1567,EUR,60,1.1,97,0.010159197756975935
1568,EUR,60,1.1,98,0.009934004258771445
1569,EUR,60,1.1,99,0.009708155699406085
1570,EUR,60,1.1,100,0.009491584222254268
1571,EUR,60,1.1,101,0.009283379036517658
1572,EUR,60,1.1,102,0.009076173163324874
1573,EUR,60,1.1,103,0.008877136866525248
1574,EUR,60,1.1,104,0.008682892548561583
1575,DEU,60,0.9,0,0.0
1576,DEU,60,0.9,1,0.0
1577,DEU,60,0.9,2,0.0
1578,DEU,60,0.9,3,0.0
1579,DEU,60,0.9,4,0.0
1580,DEU,60,0.9,5,0.0
1581,DEU,60,0.9,6,0.0
1582,DEU,60,0.9,7,0.0
1583,DEU,60,0.9,8,0.001021090035280281
1584,DEU,60,0.9,9,0.002290566010842987
1585,DEU,60,0.9,10,0.0035928580847111036
1586,DEU,60,0.9,11,0.004796924862859875
1587,DEU,60,0.9,12,0.00590071240489376
1588,DEU,60,0.9,13,0.006627736866637868
1589,DEU,60,0.9,14,0.00727081972060617
1590,DEU,60,0.9,15,0.00763555257887738
1591,DEU,60,0.9,16,0.00797928829840977
1592,DEU,60,0.9,17,0.00820028054284716
1593,DEU,60,0.9,18,0.00839416077471622
1594,DEU,60,0.9,19,0.008588897793138095
1595,DEU,60,0.9,20,0.00885015900518038
1596,DEU,60,0.9,21,0.009365862347299192
1597,DEU,60,0.9,22,0.009826062352846776
1598,DEU,60,0.9,23,0.010525669645167213
1599,DEU,60,0.9,24,0.011294066333866759
1600,DEU,60,0.9,25,0.012311870064607433
1601,DEU,60,0.9,26,0.01360066481621569
1602,DEU,60,0.9,27,0.014214816453317347
1603,DEU,60,0.9,28,0.014860504877356462
1604,DEU,60,0.9,29,0.015029409194622367
1605,DEU,60,0.9,30,0.015093844237479281
1606,DEU,60,0.9,31,0.015034021757798222
1607,DEU,60,0.9,32,0.014488119624189721
1608,DEU,60,0.9,33,0.013937651874607049
1609,DEU,60,0.9,34,0.013302550045968253
1610,DEU,60,0.9,35,0.01264174462101142
1611,DEU,60,0.9,36,0.011980563618374518
1612,DEU,60,0.9,37,0.011364663197754865
1613,DEU,60,0.9,38,0.010741544643955159
1614,DEU,60,0.9,39,0.010108625860483222
1615,DEU,60,0.9,40,0.009507772020023175
1616,DEU,60,0.9,41,0.008921953022889006
1617,DEU,60,0.9,42,0.008385146910816488
1618,DEU,60,0.9,43,0.007866626736219295
1619,DEU,60,0.9,44,0.007374713891716844
1620,DEU,60,0.9,45,0.006915229831072622
1621,DEU,60,0.9,46,0.006510744424503834
1622,DEU,60,0.9,47,0.006404514629787528
1623,DEU,60,0.9,48,0.006400441959519831
1624,DEU,60,0.9,49,0.006404244683344551
1625,DEU,60,0.9,50,0.006461520277012411
1626,DEU,60,0.9,51,0.00649362043041446
1627,DEU,60,0.9,52,0.0065205329173423365
1628,DEU,60,0.9,53,0.006510943950122083
1629,DEU,60,0.9,54,0.00653073219827327
1630,DEU,60,0.9,55,0.006561729092280366
1631,DEU,60,0.9,56,0.006689108604152061
1632,DEU,60,0.9,57,0.006783390334463846
1633,DEU,60,0.9,58,0.006954994116181723
1634,DEU,60,0.9,59,0.007177840775329791
1635,DEU,60,0.9,60,0.0073612283062463035
1636,DEU,60,0.9,61,0.00757026074946765
1637,DEU,60,0.9,62,0.007808975564893572
1638,DEU,60,0.9,63,0.007999862912289046
1639,DEU,60,0.9,64,0.008214094758773882
1640,DEU,60,0.9,65,0.008373304477626853
1641,DEU,60,0.9,66,0.008593275620283336
1642,DEU,60,0.9,67,0.008622007311531732
1643,DEU,60,0.9,68,0.008633051642181755
1644,DEU,60,0.9,69,0.008641971611678123
1645,DEU,60,0.9,70,0.008563053355192807
1646,DEU,60,0.9,71,0.008523605963750569
1647,DEU,60,0.9,72,0.008497256843287282
1648,DEU,60,0.9,73,0.008426742137013221
1649,DEU,60,0.9,74,0.008385909802921532
1650,DEU,60,0.9,75,0.008343493000584346
1651,DEU,60,0.9,76,0.008334232663842478
1652,DEU,60,0.9,77,0.008313528945147475
1653,DEU,60,0.9,78,0.008326850215389925
1654,DEU,60,0.9,79,0.008339150383851468
1655,DEU,60,0.9,80,0.008413925549244361
1656,DEU,60,0.9,81,0.008486505932681077
1657,DEU,60,0.9,82,0.008485297042093443
1658,DEU,60,0.9,83,0.008477409911145095
1659,DEU,60,0.9,84,0.008492315649655247
1660,DEU,60,0.9,85,0.008545870677090228
1661,DEU,60,0.9,86,0.008529380470312375
1662,DEU,60,0.9,87,0.008514122627745202
1663,DEU,60,0.9,88,0.008486142091834736
1664,DEU,60,0.9,89,0.008433537745355935
1665,DEU,60,0.9,90,0.008348915403111334
1666,DEU,60,0.9,91,0.008286745563035325
1667,DEU,60,0.9,92,0.008200386174062047
1668,DEU,60,0.9,93,0.008114132416325859
1669,DEU,60,0.9,94,0.008018242744167736
1670,DEU,60,0.9,95,0.007939700065340283
1671,DEU,60,0.9,96,0.007848070852300992
1672,DEU,60,0.9,97,0.00775564353672209
1673,DEU,60,0.9,98,0.0076690259381173576
1674,DEU,60,0.9,99,0.00757542494234098
1675,DEU,60,0.9,100,0.0074973399987632305
1676,DEU,60,0.9,101,0.007404994840820578
1677,DEU,60,0.9,102,0.007308905643022001
1678,DEU,60,0.9,103,0.007222452359667564
1679,DEU,60,0.9,104,0.007148123192735056
1680,DEU,60,1.0,0,0.0
1681,DEU,60,1.0,1,0.0
1682,DEU,60,1.0,2,0.0
1683,DEU,60,1.0,3,0.0
1684,DEU,60,1.0,4,0.0
1685,DEU,60,1.0,5,0.0
1686,DEU,60,1.0,6,0.0
1687,DEU,60,1.0,7,0.0
1688,DEU,60,1.0,8,0.0009330522836581423
1689,DEU,60,1.0,9,0.0018035708863717304
1690,DEU,60,1.0,10,0.0031199471226095454
1691,DEU,60,1.0,11,0.004142621626179732
1692,DEU,60,1.0,12,0.005342310577161058
1693,DEU,60,1.0,13,0.005923094486259828
1694,DEU,60,1.0,14,0.006334809762842397
1695,DEU,60,1.0,15,0.006545931356827239
1696,DEU,60,1.0,16,0.006685118091476205
1697,DEU,60,1.0,17,0.006774939837028704
1698,DEU,60,1.0,18,0.006796406447850956
1699,DEU,60,1.0,19,0.006813882545997352
1700,DEU,60,1.0,20,0.0068731886063710945
1701,DEU,60,1.0,21,0.007249728687441781
1702,DEU,60,1.0,22,0.007552761177720413
1703,DEU,60,1.0,23,0.00813515302866552
1704,DEU,60,1.0,24,0.008751029975684332
1705,DEU,60,1.0,25,0.009648578433352206
1706,DEU,60,1.0,26,0.010609399990468837
1707,DEU,60,1.0,27,0.0113567056460262
1708,DEU,60,1.0,28,0.011774606217240802
1709,DEU,60,1.0,29,0.011942700695177777
1710,DEU,60,1.0,30,0.01177034575812197
1711,DEU,60,1.0,31,0.01136658803329027
1712,DEU,60,1.0,32,0.010847985701079033
1713,DEU,60,1.0,33,0.010199668233412673
1714,DEU,60,1.0,34,0.009416764857483884
1715,DEU,60,1.0,35,0.008666654106237459
1716,DEU,60,1.0,36,0.007892694173405879
1717,DEU,60,1.0,37,0.007365582659768499
1718,DEU,60,1.0,38,0.006991812463974512
1719,DEU,60,1.0,39,0.00661549538214512
1720,DEU,60,1.0,40,0.006205059416997116
1721,DEU,60,1.0,41,0.005803707736529162
1722,DEU,60,1.0,42,0.005376124303668739
1723,DEU,60,1.0,43,0.004946005721584434
1724,DEU,60,1.0,44,0.004538996902581083
1725,DEU,60,1.0,45,0.004231657005981937
1726,DEU,60,1.0,46,0.00409951235251782
1727,DEU,60,1.0,47,0.004047518319749699
1728,DEU,60,1.0,48,0.003990465725345338
1729,DEU,60,1.0,49,0.003951206122732032
1730,DEU,60,1.0,50,0.003897979725753231
1731,DEU,60,1.0,51,0.003815516955052445
1732,DEU,60,1.0,52,0.0037521030139542333
1733,DEU,60,1.0,53,0.0037013765558313594
1734,DEU,60,1.0,54,0.003723817321210632
1735,DEU,60,1.0,55,0.003733957918128361
1736,DEU,60,1.0,56,0.003924927423093472
1737,DEU,60,1.0,57,0.0040014865824167245
1738,DEU,60,1.0,58,0.004173454204980942
1739,DEU,60,1.0,59,0.004326079577898767
1740,DEU,60,1.0,60,0.004613208701487181
1741,DEU,60,1.0,61,0.004808661664834624
1742,DEU,60,1.0,62,0.005185366061111196
1743,DEU,60,1.0,63,0.005387884579266533
1744,DEU,60,1.0,64,0.005745023726655418
1745,DEU,60,1.0,65,0.005916920928417113
1746,DEU,60,1.0,66,0.006174790204682701
1747,DEU,60,1.0,67,0.006287334398846767
1748,DEU,60,1.0,68,0.006373318210139978
1749,DEU,60,1.0,69,0.006346898668874168
1750,DEU,60,1.0,70,0.00637913966392567
1751,DEU,60,1.0,71,0.0063076273294715435
1752,DEU,60,1.0,72,0.006270867665669755
1753,DEU,60,1.0,73,0.006207876249475497
1754,DEU,60,1.0,74,0.006156023058312421
1755,DEU,60,1.0,75,0.006106047755483068
1756,DEU,60,1.0,76,0.0060716706625107975
1757,DEU,60,1.0,77,0.006070579139927368
1758,DEU,60,1.0,78,0.0060714828736596615
1759,DEU,60,1.0,79,0.006082198573875708
1760,DEU,60,1.0,80,0.006129732621906747
1761,DEU,60,1.0,81,0.0062108808707606045
1762,DEU,60,1.0,82,0.006219366578585905
1763,DEU,60,1.0,83,0.006210141452256401
1764,DEU,60,1.0,84,0.006257851552282645
1765,DEU,60,1.0,85,0.006260609700747821
1766,DEU,60,1.0,86,0.006210387925076333
1767,DEU,60,1.0,87,0.006161997090536886
1768,DEU,60,1.0,88,0.006102691030118734
1769,DEU,60,1.0,89,0.00604339670653431
1770,DEU,60,1.0,90,0.0059596311508203215
1771,DEU,60,1.0,91,0.005854739351529581
1772,DEU,60,1.0,92,0.0057719948975965
1773,DEU,60,1.0,93,0.005657431973493665
1774,DEU,60,1.0,94,0.005559711360203501
1775,DEU,60,1.0,95,0.005464220739304082
1776,DEU,60,1.0,96,0.005365608129115351
1777,DEU,60,1.0,97,0.00525069310093329
1778,DEU,60,1.0,98,0.00515066033766054
1779,DEU,60,1.0,99,0.005054195562226305
1780,DEU,60,1.0,100,0.004978786609499686
1781,DEU,60,1.0,101,0.004875221068867397
1782,DEU,60,1.0,102,0.004813321175234364
1783,DEU,60,1.0,103,0.004730271564423738
1784,DEU,60,1.0,104,0.004651458939131103
1785,DEU,60,1.1,0,0.0
1786,DEU,60,1.1,1,0.0
1787,DEU,60,1.1,2,0.0
1788,DEU,60,1.1,3,0.0
1789,DEU,60,1.1,4,0.0
1790,DEU,60,1.1,5,0.0
1791,DEU,60,1.1,6,0.0
1792,DEU,60,1.1,7,0.0
1793,DEU,60,1.1,8,0.0005335432811337526
1794,DEU,60,1.1,9,0.0015540582131157166
1795,DEU,60,1.1,10,0.002547695868582167
1796,DEU,60,1.1,11,0.003692914321584695
1797,DEU,60,1.1,12,0.004468141829061523
1798,DEU,60,1.1,13,0.00496222598191931
1799,DEU,60,1.1,14,0.005368389751181368
1800,DEU,60,1.1,15,0.005527282576367476
1801,DEU,60,1.1,16,0.005524876531959322
1802,DEU,60,1.1,17,0.005417625635484313
1803,DEU,60,1.1,18,0.005348777555069795
1804,DEU,60,1.1,19,0.005155953635371802
1805,DEU,60,1.1,20,0.004948024451523203
1806,DEU,60,1.1,21,0.0050389259828476085
1807,DEU,60,1.1,22,0.005044289701361393
1808,DEU,60,1.1,23,0.00534776819010041
1809,DEU,60,1.1,24,0.005632761215745852
1810,DEU,60,1.1,25,0.006223122355208943
1811,DEU,60,1.1,26,0.006742910104429178
1812,DEU,60,1.1,27,0.007390464679968289
1813,DEU,60,1.1,28,0.007589990313605632
1814,DEU,60,1.1,29,0.007848904165230763
1815,DEU,60,1.1,30,0.007416356065137464
1816,DEU,60,1.1,31,0.00696609713084495
1817,DEU,60,1.1,32,0.0063109840548358775
1818,DEU,60,1.1,33,0.00558124839185048
1819,DEU,60,1.1,34,0.004849094947645405
1820,DEU,60,1.1,35,0.004048034739057016
1821,DEU,60,1.1,36,0.00373994368711994
1822,DEU,60,1.1,37,0.0034210430405856584
1823,DEU,60,1.1,38,0.0030858047656678878
1824,DEU,60,1.1,39,0.002775636299801043
1825,DEU,60,1.1,40,0.0024310672673166778
1826,DEU,60,1.1,41,0.002051381723333634
1827,DEU,60,1.1,42,0.001703291650256844
1828,DEU,60,1.1,43,0.0013791916004368687
1829,DEU,60,1.1,44,0.0011282235637510851
1830,DEU,60,1.1,45,0.0011985035339945327
1831,DEU,60,1.1,46,0.001195686701516152
1832,DEU,60,1.1,47,0.0012470821573851154
1833,DEU,60,1.1,48,0.0012939706812709062
1834,DEU,60,1.1,49,0.0013211531146639643
1835,DEU,60,1.1,50,0.0013688866882910489
1836,DEU,60,1.1,51,0.001399202847807146
1837,DEU,60,1.1,52,0.0014324766814288736
1838,DEU,60,1.1,53,0.0014854683423548565
1839,DEU,60,1.1,54,0.0015109606762431227
1840,DEU,60,1.1,55,0.001592848343645592
1841,DEU,60,1.1,56,0.0018262111773692524
1842,DEU,60,1.1,57,0.0021022138126935985
1843,DEU,60,1.1,58,0.00233098755686445
1844,DEU,60,1.1,59,0.002581533068690689
1845,DEU,60,1.1,60,0.002902874970045488
1846,DEU,60,1.1,61,0.003143221200962998
1847,DEU,60,1.1,62,0.0036241131883940625
1848,DEU,60,1.1,63,0.003926417996935605
1849,DEU,60,1.1,64,0.004394552080655423
1850,DEU,60,1.1,65,0.004669521877387339
1851,DEU,60,1.1,66,0.005019994521249238
1852,DEU,60,1.1,67,0.0051396277438220395
1853,DEU,60,1.1,68,0.005283004516787315
1854,DEU,60,1.1,69,0.005325609107975637
1855,DEU,60,1.1,70,0.0053433668893543285
1856,DEU,60,1.1,71,0.005345596881745074
1857,DEU,60,1.1,72,0.0054034945258907285
1858,DEU,60,1.1,73,0.0054762861717572164
1859,DEU,60,1.1,74,0.005565415445984989
1860,DEU,60,1.1,75,0.005636024046662413
1861,DEU,60,1.1,76,0.005717207505973043
1862,DEU,60,1.1,77,0.005805092679178614
1863,DEU,60,1.1,78,0.005872250660088341
1864,DEU,60,1.1,79,0.005935054287475872
1865,DEU,60,1.1,80,0.006087069346683016
1866,DEU,60,1.1,81,0.006203111107838666
1867,DEU,60,1.1,82,0.0063518163889053625
1868,DEU,60,1.1,83,0.006448058165142712
1869,DEU,60,1.1,84,0.006528114891435344
1870,DEU,60,1.1,85,0.006650823156095775
1871,DEU,60,1.1,86,0.006674824916164113
1872,DEU,60,1.1,87,0.006662782957334024
1873,DEU,60,1.1,88,0.00661968542046143
1874,DEU,60,1.1,89,0.006557093055503671
1875,DEU,60,1.1,90,0.006460463964841345
1876,DEU,60,1.1,91,0.00636255556272225
1877,DEU,60,1.1,92,0.006228767756977227
1878,DEU,60,1.1,93,0.006117725873466817
1879,DEU,60,1.1,94,0.005993620929345411
1880,DEU,60,1.1,95,0.005850478892410749
1881,DEU,60,1.1,96,0.005713240466875824
1882,DEU,60,1.1,97,0.00559208146007073
1883,DEU,60,1.1,98,0.005435606416104299
1884,DEU,60,1.1,99,0.005293943216222452
1885,DEU,60,1.1,100,0.0051605427249246105
1886,DEU,60,1.1,101,0.005024607084425092
1887,DEU,60,1.1,102,0.004883190357407585
1888,DEU,60,1.1,103,0.004762477349062877
1889,DEU,60,1.1,104,0.00464245681202069
1890,CHN,60,0.9,0,0.0
1891,CHN,60,0.9,1,0.0
1892,CHN,60,0.9,2,0.0
1893,CHN,60,0.9,3,0.0
1894,CHN,60,0.9,4,0.0
1895,CHN,60,0.9,5,0.0
1896,CHN,60,0.9,6,0.0
1897,CHN,60,0.9,7,0.0
1898,CHN,60,0.9,8,0.0037587403263650287
1899,CHN,60,0.9,9,0.009336750982869013
1900,CHN,60,0.9,10,0.01481347655896137
1901,CHN,60,0.9,11,0.019928848291650425
1902,CHN,60,0.9,12,0.0237425565865923
1903,CHN,60,0.9,13,0.026430518493758548
1904,CHN,60,0.9,14,0.02882289587844422
1905,CHN,60,0.9,15,0.030288431418723505
1906,CHN,60,0.9,16,0.03127127846580535
1907,CHN,60,0.9,17,0.03192306324513172
1908,CHN,60,0.9,18,0.03238643529253071
1909,CHN,60,0.9,19,0.032684745948041716
1910,CHN,60,0.9,20,0.03287516255083833
1911,CHN,60,0.9,21,0.032962540007464014
1912,CHN,60,0.9,22,0.03305068860135485
1913,CHN,60,0.9,23,0.033190715184328035
1914,CHN,60,0.9,24,0.03352978207427082
1915,CHN,60,0.9,25,0.033931908443762815
1916,CHN,60,0.9,26,0.03432435758357055
1917,CHN,60,0.9,27,0.03456354047350896
1918,CHN,60,0.9,28,0.03459136115160355
1919,CHN,60,0.9,29,0.03449976416209921
1920,CHN,60,0.9,30,0.03427497764487697
1921,CHN,60,0.9,31,0.03399824797210016
1922,CHN,60,0.9,32,0.03365864888882353
1923,CHN,60,0.9,33,0.03326655816500157
1924,CHN,60,0.9,34,0.03283934811166844
1925,CHN,60,0.9,35,0.032360232916595066
1926,CHN,60,0.9,36,0.031835582608175095
1927,CHN,60,0.9,37,0.031263887495147635
1928,CHN,60,0.9,38,0.030649997053422418
1929,CHN,60,0.9,39,0.030037768358259775
1930,CHN,60,0.9,40,0.02941638376547928
1931,CHN,60,0.9,41,0.028795325005370742
1932,CHN,60,0.9,42,0.028210390225535953
1933,CHN,60,0.9,43,0.027625151335142206
1934,CHN,60,0.9,44,0.027065957334904134
1935,CHN,60,0.9,45,0.026508837802530216
1936,CHN,60,0.9,46,0.026034963082666174
1937,CHN,60,0.9,47,0.025754692695056924
1938,CHN,60,0.9,48,0.02558016043414657
1939,CHN,60,0.9,49,0.025471212855809888
1940,CHN,60,0.9,50,0.025390808217973238
1941,CHN,60,0.9,51,0.025295703096950284
1942,CHN,60,0.9,52,0.025225611062573705
1943,CHN,60,0.9,53,0.025106616977454976
1944,CHN,60,0.9,54,0.024955093932388372
1945,CHN,60,0.9,55,0.024789820749382407
1946,CHN,60,0.9,56,0.024599702826488823
1947,CHN,60,0.9,57,0.024393016313184468
1948,CHN,60,0.9,58,0.02420496742763234
1949,CHN,60,0.9,59,0.024034757879909385
1950,CHN,60,0.9,60,0.023893791812823473
1951,CHN,60,0.9,61,0.02378804282507918
1952,CHN,60,0.9,62,0.023737989498906487
1953,CHN,60,0.9,63,0.02382355315377893
1954,CHN,60,0.9,64,0.023968912531113773
1955,CHN,60,0.9,65,0.02407078411033048
1956,CHN,60,0.9,66,0.024195903849344447
1957,CHN,60,0.9,67,0.024412674883289576
1958,CHN,60,0.9,68,0.024743709998342744
1959,CHN,60,0.9,69,0.02501128920406881
1960,CHN,60,0.9,70,0.025207114628966742
1961,CHN,60,0.9,71,0.025424401564588806
1962,CHN,60,0.9,72,0.025587008350380636
1963,CHN,60,0.9,73,0.025712785185283416
1964,CHN,60,0.9,74,0.02577266779644205
1965,CHN,60,0.9,75,0.025780520363394288
1966,CHN,60,0.9,76,0.025757288495187325
1967,CHN,60,0.9,77,0.025699165380355105
1968,CHN,60,0.9,78,0.025624180425620757
1969,CHN,60,0.9,79,0.025539062075408125
1970,CHN,60,0.9,80,0.02545054963505322
1971,CHN,60,0.9,81,0.02537076407922445
1972,CHN,60,0.9,82,0.025316751886328426
1973,CHN,60,0.9,83,0.02526088787788705
1974,CHN,60,0.9,84,0.02520127679384032
1975,CHN,60,0.9,85,0.025118460994377756
1976,CHN,60,0.9,86,0.025031458245350358
1977,CHN,60,0.9,87,0.02492549203580996
1978,CHN,60,0.9,88,0.024807480879140975
1979,CHN,60,0.9,89,0.024686341729118766
1980,CHN,60,0.9,90,0.024558468704150016
1981,CHN,60,0.9,91,0.024428928502162606
1982,CHN,60,0.9,92,0.024302451127078406
1983,CHN,60,0.9,93,0.02417970453589824
1984,CHN,60,0.9,94,0.024054573935750057
1985,CHN,60,0.9,95,0.02392824861592313
1986,CHN,60,0.9,96,0.02380433445776653
1987,CHN,60,0.9,97,0.02367230163595746
1988,CHN,60,0.9,98,0.023537797916506342
1989,CHN,60,0.9,99,0.023404755013456402
1990,CHN,60,0.9,100,0.023265304068220694
1991,CHN,60,0.9,101,0.023127151023061288
1992,CHN,60,0.9,102,0.022988433201320824
1993,CHN,60,0.9,103,0.022853875176442884
1994,CHN,60,0.9,104,0.02271886098583753
1995,CHN,60,1.0,0,0.0
1996,CHN,60,1.0,1,0.0
1997,CHN,60,1.0,2,0.0
1998,CHN,60,1.0,3,0.0
1999,CHN,60,1.0,4,0.0
2000,CHN,60,1.0,5,0.0
2001,CHN,60,1.0,6,0.0
2002,CHN,60,1.0,7,0.0
2003,CHN,60,1.0,8,0.0036281791820025333
2004,CHN,60,1.0,9,0.009008154182188477
2005,CHN,60,1.0,10,0.014325210896903862
2006,CHN,60,1.0,11,0.0186458442039239
2007,CHN,60,1.0,12,0.02224928182641417
2008,CHN,60,1.0,13,0.025021178225115293
2009,CHN,60,1.0,14,0.026757556728207454
2010,CHN,60,1.0,15,0.02760817545393035
2011,CHN,60,1.0,16,0.028043770267527357
2012,CHN,60,1.0,17,0.028291674611513606
2013,CHN,60,1.0,18,0.028303697836462582
2014,CHN,60,1.0,19,0.028220887467522715
2015,CHN,60,1.0,20,0.02801321802563539
2016,CHN,60,1.0,21,0.027771824904210263
2017,CHN,60,1.0,22,0.02751135428082918
2018,CHN,60,1.0,23,0.02728757784484781
2019,CHN,60,1.0,24,0.027268293982274372
2020,CHN,60,1.0,25,0.027317005964033747
2021,CHN,60,1.0,26,0.027430645532544595
2022,CHN,60,1.0,27,0.02747086957364253
2023,CHN,60,1.0,28,0.027419692124874828
2024,CHN,60,1.0,29,0.02726160355177587
2025,CHN,60,1.0,30,0.026930394659330226
2026,CHN,60,1.0,31,0.026493002335592486
2027,CHN,60,1.0,32,0.0259996211008362
2028,CHN,60,1.0,33,0.025466765240067524
2029,CHN,60,1.0,34,0.024918883063462793
2030,CHN,60,1.0,35,0.02433791801139673
2031,CHN,60,1.0,36,0.023741079478600824
2032,CHN,60,1.0,37,0.023139386039217058
2033,CHN,60,1.0,38,0.022597993362927227
2034,CHN,60,1.0,39,0.022033553456979327
2035,CHN,60,1.0,40,0.021411707267970925
2036,CHN,60,1.0,41,0.020768790567360362
2037,CHN,60,1.0,42,0.020126921961782784
2038,CHN,60,1.0,43,0.019490597941862475
2039,CHN,60,1.0,44,0.018875670266238487
2040,CHN,60,1.0,45,0.01832836372726021
2041,CHN,60,1.0,46,0.017917325834670983
2042,CHN,60,1.0,47,0.017853381176413663
2043,CHN,60,1.0,48,0.018167918298050978
2044,CHN,60,1.0,49,0.01870711160392169
2045,CHN,60,1.0,50,0.01931265529917514
2046,CHN,60,1.0,51,0.019704637412054637
2047,CHN,60,1.0,52,0.019869400123950776
2048,CHN,60,1.0,53,0.019842692707405796
2049,CHN,60,1.0,54,0.019684864800550983
2050,CHN,60,1.0,55,0.019417285594802713
2051,CHN,60,1.0,56,0.019130368221076388
2052,CHN,60,1.0,57,0.01883929105044313
2053,CHN,60,1.0,58,0.018535294615085185
2054,CHN,60,1.0,59,0.01828986116871878
2055,CHN,60,1.0,60,0.01808759511841007
2056,CHN,60,1.0,61,0.018026745870325378
2057,CHN,60,1.0,62,0.018030319168427233
2058,CHN,60,1.0,63,0.018106227315661805
2059,CHN,60,1.0,64,0.018340262049676426
2060,CHN,60,1.0,65,0.01865526619817537
2061,CHN,60,1.0,66,0.018870712179319682
2062,CHN,60,1.0,67,0.01929341488093872
2063,CHN,60,1.0,68,0.019705495438038234
2064,CHN,60,1.0,69,0.020052474630971595
2065,CHN,60,1.0,70,0.020319233824506178
2066,CHN,60,1.0,71,0.02055595124745846
2067,CHN,60,1.0,72,0.020752830197867667
2068,CHN,60,1.0,73,0.02091689780008288
2069,CHN,60,1.0,74,0.02101534813638839
2070,CHN,60,1.0,75,0.021085668253628675
2071,CHN,60,1.0,76,0.02110257353782341
2072,CHN,60,1.0,77,0.02108996924465867
2073,CHN,60,1.0,78,0.02104659548789467
2074,CHN,60,1.0,79,0.021005888128344807
2075,CHN,60,1.0,80,0.020941438429478154
2076,CHN,60,1.0,81,0.020881425485197447
2077,CHN,60,1.0,82,0.020831670838972194
2078,CHN,60,1.0,83,0.020786428975005933
2079,CHN,60,1.0,84,0.020731743394653
2080,CHN,60,1.0,85,0.020685828143185425
2081,CHN,60,1.0,86,0.02062466935408569
2082,CHN,60,1.0,87,0.020536048302810528
2083,CHN,60,1.0,88,0.020429397844767827
2084,CHN,60,1.0,89,0.020313222212098303
2085,CHN,60,1.0,90,0.020185463228594713
2086,CHN,60,1.0,91,0.020053419545673634
2087,CHN,60,1.0,92,0.0199102486776237
2088,CHN,60,1.0,93,0.019765264007820527
2089,CHN,60,1.0,94,0.019625682729551563
2090,CHN,60,1.0,95,0.019484141024772583
2091,CHN,60,1.0,96,0.019343104360647345
2092,CHN,60,1.0,97,0.019192330730710694
2093,CHN,60,1.0,98,0.019038874411902995
2094,CHN,60,1.0,99,0.0188925429671416
2095,CHN,60,1.0,100,0.018753075730271185
2096,CHN,60,1.0,101,0.01861700258354304
2097,CHN,60,1.0,102,0.018490563222295364
2098,CHN,60,1.0,103,0.018375582309326788
2099,CHN,60,1.0,104,0.018262317448392018
2100,CHN,60,1.1,0,0.0
2101,CHN,60,1.1,1,0.0
2102,CHN,60,1.1,2,0.0
2103,CHN,60,1.1,3,0.0
2104,CHN,60,1.1,4,0.0
2105,CHN,60,1.1,5,0.0
2106,CHN,60,1.1,6,0.0
2107,CHN,60,1.1,7,0.0
2108,CHN,60,1.1,8,0.0032153980846993946
2109,CHN,60,1.1,9,0.007821525962903308
2110,CHN,60,1.1,10,0.012714924200230016
2111,CHN,60,1.1,11,0.017357056586653208
2112,CHN,60,1.1,12,0.02090245798298529
2113,CHN,60,1.1,13,0.023919749814216296
2114,CHN,60,1.1,14,0.025857210509006023
2115,CHN,60,1.1,15,0.02707737233891283
2116,CHN,60,1.1,16,0.027879257360652332
2117,CHN,60,1.1,17,0.028426987482021993
2118,CHN,60,1.1,18,0.02864771738277927
2119,CHN,60,1.1,19,0.028760596675092565
2120,CHN,60,1.1,20,0.028732634802830503
2121,CHN,60,1.1,21,0.028666306135627373
2122,CHN,60,1.1,22,0.028571483402872744
2123,CHN,60,1.1,23,0.028483861571726443
2124,CHN,60,1.1,24,0.02857129333384556
2125,CHN,60,1.1,25,0.028765000846409094
2126,CHN,60,1.1,26,0.029016494780176316
2127,CHN,60,1.1,27,0.02919415503457312
2128,CHN,60,1.1,28,0.029244669957018132
2129,CHN,60,1.1,29,0.029159654787092038
2130,CHN,60,1.1,30,0.028929323684256936
2131,CHN,60,1.1,31,0.028575773532835136
2132,CHN,60,1.1,32,0.02817421193987979
2133,CHN,60,1.1,33,0.027709721200452897
2134,CHN,60,1.1,34,0.027249813840279913
2135,CHN,60,1.1,35,0.02675676386876269
2136,CHN,60,1.1,36,0.026304513575969857
2137,CHN,60,1.1,37,0.025770859425233716
2138,CHN,60,1.1,38,0.02522255909671589
2139,CHN,60,1.1,39,0.02460902707090984
2140,CHN,60,1.1,40,0.023970199570122475
2141,CHN,60,1.1,41,0.023312500928129865
2142,CHN,60,1.1,42,0.022643235226893488
2143,CHN,60,1.1,43,0.021979677027683664
2144,CHN,60,1.1,44,0.021327843373475375
2145,CHN,60,1.1,45,0.020845936878655102
2146,CHN,60,1.1,46,0.020663731258752094
2147,CHN,60,1.1,47,0.02132892948227827
2148,CHN,60,1.1,48,0.022639531595736173
2149,CHN,60,1.1,49,0.02375777297156656
2150,CHN,60,1.1,50,0.024565023371048156
2151,CHN,60,1.1,51,0.024956853428714787
2152,CHN,60,1.1,52,0.02507271952036927
2153,CHN,60,1.1,53,0.024968730028973596
2154,CHN,60,1.1,54,0.02473918092442684
2155,CHN,60,1.1,55,0.024478335593536293
2156,CHN,60,1.1,56,0.02417741827673847
2157,CHN,60,1.1,57,0.023885640565945998
2158,CHN,60,1.1,58,0.023621488033609417
2159,CHN,60,1.1,59,0.023408214270137506
2160,CHN,60,1.1,60,0.02335336034287039
2161,CHN,60,1.1,61,0.02340829029774394
2162,CHN,60,1.1,62,0.02360065103534925
2163,CHN,60,1.1,63,0.023837335875054322
2164,CHN,60,1.1,64,0.024129770681735607
2165,CHN,60,1.1,65,0.02456307923619505
2166,CHN,60,1.1,66,0.02510239201405362
2167,CHN,60,1.1,67,0.025636160206210512
2168,CHN,60,1.1,68,0.02627382557058855
2169,CHN,60,1.1,69,0.02688315978562894
2170,CHN,60,1.1,70,0.027400544025857343
2171,CHN,60,1.1,71,0.027814438384776707
2172,CHN,60,1.1,72,0.02806729538509245
2173,CHN,60,1.1,73,0.028221908409808982
2174,CHN,60,1.1,74,0.028239622845105394
2175,CHN,60,1.1,75,0.02819788368213505
2176,CHN,60,1.1,76,0.02808693223304015
2177,CHN,60,1.1,77,0.02793847744546607
2178,CHN,60,1.1,78,0.027747968523450517
2179,CHN,60,1.1,79,0.027510241019257364
2180,CHN,60,1.1,80,0.027252366196073297
2181,CHN,60,1.1,81,0.026995658939887868
2182,CHN,60,1.1,82,0.0267369369517656
2183,CHN,60,1.1,83,0.02646765798566264
2184,CHN,60,1.1,84,0.02618535114398135
2185,CHN,60,1.1,85,0.025885606824749274
2186,CHN,60,1.1,86,0.02559259638041933
2187,CHN,60,1.1,87,0.025299504477893642
2188,CHN,60,1.1,88,0.02499867948038137
2189,CHN,60,1.1,89,0.024702568195245078
2190,CHN,60,1.1,90,0.024416601166765695
2191,CHN,60,1.1,91,0.024149461835065722
2192,CHN,60,1.1,92,0.0239042021661362
2193,CHN,60,1.1,93,0.023661972740840476
2194,CHN,60,1.1,94,0.023424907763081038
2195,CHN,60,1.1,95,0.023188402131424368
2196,CHN,60,1.1,96,0.02295466607726837
2197,CHN,60,1.1,97,0.022731611903670235
2198,CHN,60,1.1,98,0.022524871084939058
2199,CHN,60,1.1,99,0.022327362191343347
2200,CHN,60,1.1,100,0.022136277631634727
2201,CHN,60,1.1,101,0.02194359106131305
2202,CHN,60,1.1,102,0.021749606590937276
2203,CHN,60,1.1,103,0.021554796677802912
2204,CHN,60,1.1,104,0.02135215591998474
